,ACCOUNT_NUM.hash,Package,Month_Subscribed,Rental
0,808b95c7008ba4241493ae938e63012e,PEO TV GO OTT A la carte channels,2019-07,100
1,d54af3961d00eb3e721ce7cc7574e4b4,PEO TV GO OTT A la carte channels,2019-07,100
2,494de320778db98d7fa1751e8d60064c,PEO TV GO OTT A la carte channels,2019-07,50
3,494de320778db98d7fa1751e8d60064c,PEO TV GO OTT A la carte channels,2019-07,100
4,446b44a4a65b65b4cf09e783683b4df2,PEO TV GO OTT A la carte channels,2019-07,100
5,4ddd3dc2b7a3fe4907f9806fc67ab627,PEO TV GO OTT A la carte channels,2019-07,50
6,52e7c04d12cb33c77031760584a9586e,PEO TV GO OTT A la carte channels,2019-07,100
7,204773567701102c4acf8fda9eaccfdd,PEO TV GO OTT A la carte channels,2019-07,100
8,2b1f1161870583f0b5280e0c5d629c78,PEO TV GO OTT A la carte channels,2019-07,50
9,52e7c04d12cb33c77031760584a9586e,PEO TV GO OTT A la carte channels,2019-07,50
10,1c4c0f12a0352e8aaf58602ecf64e877,PEO TV GO OTT A la carte channels,2019-07,100
11,933cd3394373b1d2929edcaa1974f7a1,PEO TV GO OTT A la carte channels,2019-07,100
12,e7bfef3276f6c0027bb79e98ae7fcdce,PEO TV GO OTT A la carte channels,2019-07,100
13,a4eebc122a8f3dc2b2cd9bf6420cf008,PEO TV GO OTT A la carte channels,2019-07,100
14,dae4c762e2af5a6b09ae61dd64e8a597,PEO TV GO OTT A la carte channels,2019-07,100
15,6184e258fc549e12c235a2bc10ae297e,PEO TV GO OTT A la carte channels,2019-07,50
16,9d2f5d0f09198069413924db9a10d1c3,PEO TV GO OTT A la carte channels,2019-07,100
17,21e2a94960106171ac59b4a319087d42,PEO TV GO OTT A la carte channels,2019-07,100
18,2259de9b81a352a02bcddf28bdedde6f,PEO TV GO OTT A la carte channels,2019-07,100
19,2b60f8ffb99f7932ee00cdd291fb1dd5,PEO TV GO OTT A la carte channels,2019-07,100
20,d54af3961d00eb3e721ce7cc7574e4b4,PEO TV GO OTT A la carte channels,2019-07,50
21,a1a17097950da3f5a53f41a4089a143c,PEO TV GO OTT A la carte channels,2019-07,100
22,2e0841c32915addc312ba3b08314593e,PEO TV GO OTT A la carte channels,2019-07,100
23,6184e258fc549e12c235a2bc10ae297e,PEO TV GO OTT A la carte channels,2019-07,100
24,2b60f8ffb99f7932ee00cdd291fb1dd5,PEO TV GO OTT A la carte channels,2019-07,50
25,bd537f0b4dbc25dea026f9705c43ba03,PEO TV GO OTT A la carte channels,2019-07,100
26,fd54b3aa9768db49cee68803cb7a238c,PEO TV GO OTT A la carte channels,2019-07,100
27,90a7ca76033cf7fc3c3cb906f45c401c,PEO TV GO OTT A la carte channels,2019-07,100
28,25b2c30f24bbd86d7cca43e006f521fa,PEO TV GO OTT A la carte channels,2019-07,100
29,2b1f1161870583f0b5280e0c5d629c78,PEO TV GO OTT A la carte channels,2019-07,100
30,0f46a3bf356fee36239f081e103da76b,PEO TV GO OTT A la carte channels,2019-07,100
31,52b1c4fc5583a0b8449029dc92eeae45,PEO TV GO OTT A la carte channels,2019-07,100
32,639eee857314ce7dd39ca7a84eb56529,PEO TV GO OTT A la carte channels,2019-07,100
33,4ddd3dc2b7a3fe4907f9806fc67ab627,PEO TV GO OTT A la carte channels,2019-07,100
34,933cd3394373b1d2929edcaa1974f7a1,PEO TV GO OTT A la carte channels,2019-08,100
35,4ddd3dc2b7a3fe4907f9806fc67ab627,PEO TV GO OTT A la carte channels,2019-08,50
36,4ddd3dc2b7a3fe4907f9806fc67ab627,PEO TV GO OTT A la carte channels,2019-08,100
37,2259de9b81a352a02bcddf28bdedde6f,PEO TV GO OTT A la carte channels,2019-08,100
38,bd537f0b4dbc25dea026f9705c43ba03,PEO TV GO OTT A la carte channels,2019-08,100
39,639eee857314ce7dd39ca7a84eb56529,PEO TV GO OTT A la carte channels,2019-08,100
40,a1a17097950da3f5a53f41a4089a143c,PEO TV GO OTT A la carte channels,2019-08,100
41,2b60f8ffb99f7932ee00cdd291fb1dd5,PEO TV GO OTT A la carte channels,2019-08,100
42,2b1f1161870583f0b5280e0c5d629c78,PEO TV GO OTT A la carte channels,2019-08,100
43,494de320778db98d7fa1751e8d60064c,PEO TV GO OTT A la carte channels,2019-08,100
44,d54af3961d00eb3e721ce7cc7574e4b4,PEO TV GO OTT A la carte channels,2019-08,100
45,52e7c04d12cb33c77031760584a9586e,PEO TV GO OTT A la carte channels,2019-08,50
46,2b1f1161870583f0b5280e0c5d629c78,PEO TV GO OTT A la carte channels,2019-08,50
47,e7bfef3276f6c0027bb79e98ae7fcdce,PEO TV GO OTT A la carte channels,2019-08,100
48,52e7c04d12cb33c77031760584a9586e,PEO TV GO OTT A la carte channels,2019-08,100
49,808b95c7008ba4241493ae938e63012e,PEO TV GO OTT A la carte channels,2019-08,100
50,1c4c0f12a0352e8aaf58602ecf64e877,PEO TV GO OTT A la carte channels,2019-08,100
51,fd54b3aa9768db49cee68803cb7a238c,PEO TV GO OTT A la carte channels,2019-08,100
52,9d2f5d0f09198069413924db9a10d1c3,PEO TV GO OTT A la carte channels,2019-08,100
53,d0bd2c4614c24ce48b7fc09ff42eb002,PEO TV GO OTT A la carte channels,2019-08,100
54,2b60f8ffb99f7932ee00cdd291fb1dd5,PEO TV GO OTT A la carte channels,2019-08,50
55,a4eebc122a8f3dc2b2cd9bf6420cf008,PEO TV GO OTT A la carte channels,2019-08,100
56,6184e258fc549e12c235a2bc10ae297e,PEO TV GO OTT A la carte channels,2019-08,50
57,0f46a3bf356fee36239f081e103da76b,PEO TV GO OTT A la carte channels,2019-08,100
58,52b1c4fc5583a0b8449029dc92eeae45,PEO TV GO OTT A la carte channels,2019-08,100
59,204773567701102c4acf8fda9eaccfdd,PEO TV GO OTT A la carte channels,2019-08,100
60,dae4c762e2af5a6b09ae61dd64e8a597,PEO TV GO OTT A la carte channels,2019-08,100
61,21e2a94960106171ac59b4a319087d42,PEO TV GO OTT A la carte channels,2019-08,100
62,2e0841c32915addc312ba3b08314593e,PEO TV GO OTT A la carte channels,2019-08,100
63,6184e258fc549e12c235a2bc10ae297e,PEO TV GO OTT A la carte channels,2019-08,100
64,d54af3961d00eb3e721ce7cc7574e4b4,PEO TV GO OTT A la carte channels,2019-08,50
65,494de320778db98d7fa1751e8d60064c,PEO TV GO OTT A la carte channels,2019-08,50
66,446b44a4a65b65b4cf09e783683b4df2,PEO TV GO OTT A la carte channels,2019-08,100
67,25b2c30f24bbd86d7cca43e006f521fa,PEO TV GO OTT A la carte channels,2019-08,100
68,9d2f5d0f09198069413924db9a10d1c3,PEO TV GO OTT A la carte channels,2019-09,100
69,2b60f8ffb99f7932ee00cdd291fb1dd5,PEO TV GO OTT A la carte channels,2019-09,50
70,52b1c4fc5583a0b8449029dc92eeae45,PEO TV GO OTT A la carte channels,2019-09,100
71,2b1f1161870583f0b5280e0c5d629c78,PEO TV GO OTT A la carte channels,2019-09,50
72,25b2c30f24bbd86d7cca43e006f521fa,PEO TV GO OTT A la carte channels,2019-09,100
73,d54af3961d00eb3e721ce7cc7574e4b4,PEO TV GO OTT A la carte channels,2019-09,100
74,d54af3961d00eb3e721ce7cc7574e4b4,PEO TV GO OTT A la carte channels,2019-09,50
75,52e7c04d12cb33c77031760584a9586e,PEO TV GO OTT A la carte channels,2019-09,50
76,a4eebc122a8f3dc2b2cd9bf6420cf008,PEO TV GO OTT A la carte channels,2019-09,100
77,21e2a94960106171ac59b4a319087d42,PEO TV GO OTT A la carte channels,2019-09,100
78,204773567701102c4acf8fda9eaccfdd,PEO TV GO OTT A la carte channels,2019-09,100
79,494de320778db98d7fa1751e8d60064c,PEO TV GO OTT A la carte channels,2019-09,100
80,bd537f0b4dbc25dea026f9705c43ba03,PEO TV GO OTT A la carte channels,2019-09,100
81,4ddd3dc2b7a3fe4907f9806fc67ab627,PEO TV GO OTT A la carte channels,2019-09,100
82,2b60f8ffb99f7932ee00cdd291fb1dd5,PEO TV GO OTT A la carte channels,2019-09,100
83,2259de9b81a352a02bcddf28bdedde6f,PEO TV GO OTT A la carte channels,2019-09,100
84,933cd3394373b1d2929edcaa1974f7a1,PEO TV GO OTT A la carte channels,2019-09,100
85,639eee857314ce7dd39ca7a84eb56529,PEO TV GO OTT A la carte channels,2019-09,100
86,0f46a3bf356fee36239f081e103da76b,PEO TV GO OTT A la carte channels,2019-09,100
87,6184e258fc549e12c235a2bc10ae297e,PEO TV GO OTT A la carte channels,2019-09,100
88,a1a17097950da3f5a53f41a4089a143c,PEO TV GO OTT A la carte channels,2019-09,100
89,52e7c04d12cb33c77031760584a9586e,PEO TV GO OTT A la carte channels,2019-09,100
90,494de320778db98d7fa1751e8d60064c,PEO TV GO OTT A la carte channels,2019-09,50
91,2b1f1161870583f0b5280e0c5d629c78,PEO TV GO OTT A la carte channels,2019-09,100
92,fd54b3aa9768db49cee68803cb7a238c,PEO TV GO OTT A la carte channels,2019-09,100
93,808b95c7008ba4241493ae938e63012e,PEO TV GO OTT A la carte channels,2019-09,100
94,2e0841c32915addc312ba3b08314593e,PEO TV GO OTT A la carte channels,2019-09,100
95,dae4c762e2af5a6b09ae61dd64e8a597,PEO TV GO OTT A la carte channels,2019-09,100
96,6184e258fc549e12c235a2bc10ae297e,PEO TV GO OTT A la carte channels,2019-09,50
97,446b44a4a65b65b4cf09e783683b4df2,PEO TV GO OTT A la carte channels,2019-09,100
98,e7bfef3276f6c0027bb79e98ae7fcdce,PEO TV GO OTT A la carte channels,2019-09,100
99,4ddd3dc2b7a3fe4907f9806fc67ab627,PEO TV GO OTT A la carte channels,2019-09,50
100,1c4c0f12a0352e8aaf58602ecf64e877,PEO TV GO OTT A la carte channels,2019-09,100
101,204773567701102c4acf8fda9eaccfdd,PEO TV GO OTT A la carte channels,2019-10,100
102,933cd3394373b1d2929edcaa1974f7a1,PEO TV GO OTT A la carte channels,2019-10,100
103,494de320778db98d7fa1751e8d60064c,PEO TV GO OTT A la carte channels,2019-10,100
104,fd54b3aa9768db49cee68803cb7a238c,PEO TV GO OTT A la carte channels,2019-10,100
105,a1a17097950da3f5a53f41a4089a143c,PEO TV GO OTT A la carte channels,2019-10,100
106,bd537f0b4dbc25dea026f9705c43ba03,PEO TV GO OTT A la carte channels,2019-10,100
107,2259de9b81a352a02bcddf28bdedde6f,PEO TV GO OTT A la carte channels,2019-10,100
108,d54af3961d00eb3e721ce7cc7574e4b4,PEO TV GO OTT A la carte channels,2019-10,100
109,a0edde715d1903bd4c50ffad184ee2a4,PEO TV GO OTT A la carte channels,2019-10,100
110,2b1f1161870583f0b5280e0c5d629c78,PEO TV GO OTT A la carte channels,2019-10,100
111,2e0841c32915addc312ba3b08314593e,PEO TV GO OTT A la carte channels,2019-10,100
112,dae4c762e2af5a6b09ae61dd64e8a597,PEO TV GO OTT A la carte channels,2019-10,100
113,2b60f8ffb99f7932ee00cdd291fb1dd5,PEO TV GO OTT A la carte channels,2019-10,100
114,25b2c30f24bbd86d7cca43e006f521fa,PEO TV GO OTT A la carte channels,2019-10,100
115,0f46a3bf356fee36239f081e103da76b,PEO TV GO OTT A la carte channels,2019-10,100
116,1c4c0f12a0352e8aaf58602ecf64e877,PEO TV GO OTT A la carte channels,2019-10,100
117,9d2f5d0f09198069413924db9a10d1c3,PEO TV GO OTT A la carte channels,2019-10,100
118,52e7c04d12cb33c77031760584a9586e,PEO TV GO OTT A la carte channels,2019-10,100
119,446b44a4a65b65b4cf09e783683b4df2,PEO TV GO OTT A la carte channels,2019-10,100
120,a4eebc122a8f3dc2b2cd9bf6420cf008,PEO TV GO OTT A la carte channels,2019-10,100
121,639eee857314ce7dd39ca7a84eb56529,PEO TV GO OTT A la carte channels,2019-10,100
122,52b1c4fc5583a0b8449029dc92eeae45,PEO TV GO OTT A la carte channels,2019-10,100
123,4ddd3dc2b7a3fe4907f9806fc67ab627,PEO TV GO OTT A la carte channels,2019-10,100
124,e7bfef3276f6c0027bb79e98ae7fcdce,PEO TV GO OTT A la carte channels,2019-10,100
125,808b95c7008ba4241493ae938e63012e,PEO TV GO OTT A la carte channels,2019-10,100
126,21e2a94960106171ac59b4a319087d42,PEO TV GO OTT A la carte channels,2019-10,100
127,2b1f1161870583f0b5280e0c5d629c78,PEO TV GO OTT A la carte channels,2019-11,100
128,9d2f5d0f09198069413924db9a10d1c3,PEO TV GO OTT A la carte channels,2019-11,100
129,639eee857314ce7dd39ca7a84eb56529,PEO TV GO OTT A la carte channels,2019-11,100
130,d54af3961d00eb3e721ce7cc7574e4b4,PEO TV GO OTT A la carte channels,2019-11,100
131,a1a17097950da3f5a53f41a4089a143c,PEO TV GO OTT A la carte channels,2019-11,100
132,52e7c04d12cb33c77031760584a9586e,PEO TV GO OTT A la carte channels,2019-11,100
133,52b1c4fc5583a0b8449029dc92eeae45,PEO TV GO OTT A la carte channels,2019-11,100
134,52e7c04d12cb33c77031760584a9586e,PEO TV GO OTT A la carte channels,2019-11,50
135,e7bfef3276f6c0027bb79e98ae7fcdce,PEO TV GO OTT A la carte channels,2019-11,100
136,bda07bd430770d8b4936c144e1523473,PEO TV GO OTT A la carte channels,2019-11,100
137,4ddd3dc2b7a3fe4907f9806fc67ab627,PEO TV GO OTT A la carte channels,2019-11,50
138,2259de9b81a352a02bcddf28bdedde6f,PEO TV GO OTT A la carte channels,2019-11,100
139,fd54b3aa9768db49cee68803cb7a238c,PEO TV GO OTT A la carte channels,2019-11,100
140,819cb6072b7f743d7a35d187956afab4,PEO TV GO OTT A la carte channels,2019-11,100
141,494de320778db98d7fa1751e8d60064c,PEO TV GO OTT A la carte channels,2019-11,50
142,a0edde715d1903bd4c50ffad184ee2a4,PEO TV GO OTT A la carte channels,2019-11,100
143,204773567701102c4acf8fda9eaccfdd,PEO TV GO OTT A la carte channels,2019-11,100
144,be57dd52a72846ff4d4a505373698f0b,PEO TV GO OTT A la carte channels,2019-11,100
145,25b2c30f24bbd86d7cca43e006f521fa,PEO TV GO OTT A la carte channels,2019-11,100
146,a4eebc122a8f3dc2b2cd9bf6420cf008,PEO TV GO OTT A la carte channels,2019-11,100
147,1c4c0f12a0352e8aaf58602ecf64e877,PEO TV GO OTT A la carte channels,2019-11,100
148,808b95c7008ba4241493ae938e63012e,PEO TV GO OTT A la carte channels,2019-11,100
149,2b1f1161870583f0b5280e0c5d629c78,PEO TV GO OTT A la carte channels,2019-11,50
150,494de320778db98d7fa1751e8d60064c,PEO TV GO OTT A la carte channels,2019-11,100
151,0f46a3bf356fee36239f081e103da76b,PEO TV GO OTT A la carte channels,2019-11,100
152,dae4c762e2af5a6b09ae61dd64e8a597,PEO TV GO OTT A la carte channels,2019-11,100
153,4ddd3dc2b7a3fe4907f9806fc67ab627,PEO TV GO OTT A la carte channels,2019-11,100
154,446b44a4a65b65b4cf09e783683b4df2,PEO TV GO OTT A la carte channels,2019-11,100
155,bd537f0b4dbc25dea026f9705c43ba03,PEO TV GO OTT A la carte channels,2019-11,100
156,21e2a94960106171ac59b4a319087d42,PEO TV GO OTT A la carte channels,2019-11,100
157,2b60f8ffb99f7932ee00cdd291fb1dd5,PEO TV GO OTT A la carte channels,2019-11,50
158,d54af3961d00eb3e721ce7cc7574e4b4,PEO TV GO OTT A la carte channels,2019-11,50
159,2b60f8ffb99f7932ee00cdd291fb1dd5,PEO TV GO OTT A la carte channels,2019-11,100
160,933cd3394373b1d2929edcaa1974f7a1,PEO TV GO OTT A la carte channels,2019-11,100
161,9d2f5d0f09198069413924db9a10d1c3,PEO TV GO OTT A la carte channels,2019-12,100
162,808b95c7008ba4241493ae938e63012e,PEO TV GO OTT A la carte channels,2019-12,100
163,4ddd3dc2b7a3fe4907f9806fc67ab627,PEO TV GO OTT A la carte channels,2019-12,100
164,d97bf82713a4a491e6600a4a2368d4fe,PEO TV GO OTT A la carte channels,2019-12,100
165,d54af3961d00eb3e721ce7cc7574e4b4,PEO TV GO OTT A la carte channels,2019-12,100
166,41d2c3d7ffdefd4cdfb8227b52bdc37f,PeoTVGo Channel Package,2019-12,350
167,2b1f1161870583f0b5280e0c5d629c78,PEO TV GO OTT A la carte channels,2019-12,100
168,a4eebc122a8f3dc2b2cd9bf6420cf008,PEO TV GO OTT A la carte channels,2019-12,100
169,52b1c4fc5583a0b8449029dc92eeae45,PEO TV GO OTT A la carte channels,2019-12,100
170,21e2a94960106171ac59b4a319087d42,PEO TV GO OTT A la carte channels,2019-12,100
171,a1a17097950da3f5a53f41a4089a143c,PEO TV GO OTT A la carte channels,2019-12,100
172,2259de9b81a352a02bcddf28bdedde6f,PEO TV GO OTT A la carte channels,2019-12,100
173,819cb6072b7f743d7a35d187956afab4,PEO TV GO OTT A la carte channels,2019-12,100
174,e7bfef3276f6c0027bb79e98ae7fcdce,PEO TV GO OTT A la carte channels,2019-12,100
175,bd537f0b4dbc25dea026f9705c43ba03,PEO TV GO OTT A la carte channels,2019-12,100
176,25b2c30f24bbd86d7cca43e006f521fa,PEO TV GO OTT A la carte channels,2019-12,100
177,dae4c762e2af5a6b09ae61dd64e8a597,PEO TV GO OTT A la carte channels,2019-12,100
178,0f46a3bf356fee36239f081e103da76b,PEO TV GO OTT A la carte channels,2019-12,100
179,2b60f8ffb99f7932ee00cdd291fb1dd5,PEO TV GO OTT A la carte channels,2019-12,100
180,be57dd52a72846ff4d4a505373698f0b,PEO TV GO OTT A la carte channels,2019-12,100
181,494de320778db98d7fa1751e8d60064c,PEO TV GO OTT A la carte channels,2019-12,100
182,69325672947dfadf5b4eda47157da277,PEO TV GO OTT A la carte channels,2019-12,100
183,446b44a4a65b65b4cf09e783683b4df2,PEO TV GO OTT A la carte channels,2019-12,100
184,204773567701102c4acf8fda9eaccfdd,PEO TV GO OTT A la carte channels,2019-12,100
185,1c4c0f12a0352e8aaf58602ecf64e877,PEO TV GO OTT A la carte channels,2019-12,100
186,daa74e4f9afbb374acc64969fe778808,PEO TV GO OTT A la carte channels,2019-12,100
187,a0edde715d1903bd4c50ffad184ee2a4,PEO TV GO OTT A la carte channels,2019-12,100
188,933cd3394373b1d2929edcaa1974f7a1,PEO TV GO OTT A la carte channels,2019-12,100
189,639eee857314ce7dd39ca7a84eb56529,PEO TV GO OTT A la carte channels,2019-12,100
190,52e7c04d12cb33c77031760584a9586e,PEO TV GO OTT A la carte channels,2019-12,100
191,41d2c3d7ffdefd4cdfb8227b52bdc37f,PeoTVGo Channel Package,2019-12,350
192,41d2c3d7ffdefd4cdfb8227b52bdc37f,PeoTVGo Channel Package,2019-12,350
193,2b60f8ffb99f7932ee00cdd291fb1dd5,PEO TV GO OTT A la carte channels,2020-01,100
194,21e2a94960106171ac59b4a319087d42,PEO TV GO OTT A la carte channels,2020-01,100
195,0f46a3bf356fee36239f081e103da76b,PEO TV GO OTT A la carte channels,2020-01,100
196,52e7c04d12cb33c77031760584a9586e,PEO TV GO OTT A la carte channels,2020-01,100
197,9fb15a37e248fce31c7d0ed98aaaaaf1,PEO TV GO OTT A la carte channels,2020-01,100
198,dae4c762e2af5a6b09ae61dd64e8a597,PEO TV GO OTT A la carte channels,2020-01,100
199,639eee857314ce7dd39ca7a84eb56529,PEO TV GO OTT A la carte channels,2020-01,100
200,25b2c30f24bbd86d7cca43e006f521fa,PEO TV GO OTT A la carte channels,2020-01,100
201,9d2f5d0f09198069413924db9a10d1c3,PEO TV GO OTT A la carte channels,2020-01,100
202,819cb6072b7f743d7a35d187956afab4,PEO TV GO OTT A la carte channels,2020-01,100
203,808b95c7008ba4241493ae938e63012e,PEO TV GO OTT A la carte channels,2020-01,100
204,446b44a4a65b65b4cf09e783683b4df2,PEO TV GO OTT A la carte channels,2020-01,100
205,e7bfef3276f6c0027bb79e98ae7fcdce,PEO TV GO OTT A la carte channels,2020-01,100
206,e98442fafe89489ced0b54cd7e28e3c1,PEO TV GO OTT A la carte channels,2020-01,100
207,41d2c3d7ffdefd4cdfb8227b52bdc37f,PeoTVGo Channel Package,2020-01,350
208,204773567701102c4acf8fda9eaccfdd,PEO TV GO OTT A la carte channels,2020-01,100
209,be57dd52a72846ff4d4a505373698f0b,PEO TV GO OTT A la carte channels,2020-01,100
210,d97bf82713a4a491e6600a4a2368d4fe,PEO TV GO OTT A la carte channels,2020-01,100
211,d54af3961d00eb3e721ce7cc7574e4b4,PEO TV GO OTT A la carte channels,2020-01,100
212,52b1c4fc5583a0b8449029dc92eeae45,PEO TV GO OTT A la carte channels,2020-01,100
213,41d2c3d7ffdefd4cdfb8227b52bdc37f,PEO TV GO OTT A la carte channels,2020-01,100
214,494de320778db98d7fa1751e8d60064c,PEO TV GO OTT A la carte channels,2020-01,100
215,2259de9b81a352a02bcddf28bdedde6f,PEO TV GO OTT A la carte channels,2020-01,100
216,a4eebc122a8f3dc2b2cd9bf6420cf008,PEO TV GO OTT A la carte channels,2020-01,100
217,a0edde715d1903bd4c50ffad184ee2a4,PEO TV GO OTT A la carte channels,2020-01,100
218,daa74e4f9afbb374acc64969fe778808,PEO TV GO OTT A la carte channels,2020-01,100
219,2b1f1161870583f0b5280e0c5d629c78,PEO TV GO OTT A la carte channels,2020-01,100
220,bd537f0b4dbc25dea026f9705c43ba03,PEO TV GO OTT A la carte channels,2020-01,100
221,69325672947dfadf5b4eda47157da277,PEO TV GO OTT A la carte channels,2020-01,100
222,933cd3394373b1d2929edcaa1974f7a1,PEO TV GO OTT A la carte channels,2020-01,100
223,1c4c0f12a0352e8aaf58602ecf64e877,PEO TV GO OTT A la carte channels,2020-01,100
224,933cd3394373b1d2929edcaa1974f7a1,PEO TV GO OTT A la carte channels,2020-02,100
225,1c4c0f12a0352e8aaf58602ecf64e877,PEO TV GO OTT A la carte channels,2020-02,100
226,69325672947dfadf5b4eda47157da277,PEO TV GO OTT A la carte channels,2020-02,100
227,2b60f8ffb99f7932ee00cdd291fb1dd5,PEO TV GO OTT A la carte channels,2020-02,100
228,dae4c762e2af5a6b09ae61dd64e8a597,PEO TV GO OTT A la carte channels,2020-02,100
229,bd537f0b4dbc25dea026f9705c43ba03,PEO TV GO OTT A la carte channels,2020-02,100
230,e7bfef3276f6c0027bb79e98ae7fcdce,PEO TV GO OTT A la carte channels,2020-02,100
231,be57dd52a72846ff4d4a505373698f0b,PEO TV GO OTT A la carte channels,2020-02,100
232,0f46a3bf356fee36239f081e103da76b,PEO TV GO OTT A la carte channels,2020-02,100
233,446b44a4a65b65b4cf09e783683b4df2,PEO TV GO OTT A la carte channels,2020-02,100
234,d54af3961d00eb3e721ce7cc7574e4b4,PEO TV GO OTT A la carte channels,2020-02,100
235,9d2f5d0f09198069413924db9a10d1c3,PEO TV GO OTT A la carte channels,2020-02,100
236,494de320778db98d7fa1751e8d60064c,PEO TV GO OTT A la carte channels,2020-02,100
237,e98442fafe89489ced0b54cd7e28e3c1,PEO TV GO OTT A la carte channels,2020-02,100
238,52e7c04d12cb33c77031760584a9586e,PEO TV GO OTT A la carte channels,2020-02,100
239,a4eebc122a8f3dc2b2cd9bf6420cf008,PEO TV GO OTT A la carte channels,2020-02,100
240,21e2a94960106171ac59b4a319087d42,PEO TV GO OTT A la carte channels,2020-02,100
241,41d2c3d7ffdefd4cdfb8227b52bdc37f,PEO TV GO OTT A la carte channels,2020-02,100
242,204773567701102c4acf8fda9eaccfdd,PEO TV GO OTT A la carte channels,2020-02,100
243,41d2c3d7ffdefd4cdfb8227b52bdc37f,PeoTVGo Channel Package,2020-02,350
244,9fb15a37e248fce31c7d0ed98aaaaaf1,PEO TV GO OTT A la carte channels,2020-02,100
245,a0edde715d1903bd4c50ffad184ee2a4,PEO TV GO OTT A la carte channels,2020-02,100
246,daa74e4f9afbb374acc64969fe778808,PEO TV GO OTT A la carte channels,2020-02,100
247,2b1f1161870583f0b5280e0c5d629c78,PEO TV GO OTT A la carte channels,2020-02,100
248,639eee857314ce7dd39ca7a84eb56529,PEO TV GO OTT A la carte channels,2020-02,100
249,808b95c7008ba4241493ae938e63012e,PEO TV GO OTT A la carte channels,2020-02,100
250,819cb6072b7f743d7a35d187956afab4,PEO TV GO OTT A la carte channels,2020-02,100
251,25b2c30f24bbd86d7cca43e006f521fa,PEO TV GO OTT A la carte channels,2020-02,100
252,52b1c4fc5583a0b8449029dc92eeae45,PEO TV GO OTT A la carte channels,2020-02,100
253,d97bf82713a4a491e6600a4a2368d4fe,PEO TV GO OTT A la carte channels,2020-02,100
254,2259de9b81a352a02bcddf28bdedde6f,PEO TV GO OTT A la carte channels,2020-02,100
255,494de320778db98d7fa1751e8d60064c,PEO TV GO OTT A la carte channels,2020-03,100
256,1c4c0f12a0352e8aaf58602ecf64e877,PEO TV GO OTT A la carte channels,2020-03,100
257,41d2c3d7ffdefd4cdfb8227b52bdc37f,PEO TV GO OTT A la carte channels,2020-03,100
258,e98442fafe89489ced0b54cd7e28e3c1,PEO TV GO OTT A la carte channels,2020-03,100
259,52b1c4fc5583a0b8449029dc92eeae45,PEO TV GO OTT A la carte channels,2020-03,100
260,0f46a3bf356fee36239f081e103da76b,PEO TV GO OTT A la carte channels,2020-03,100
261,933cd3394373b1d2929edcaa1974f7a1,PEO TV GO OTT A la carte channels,2020-03,100
262,9fb15a37e248fce31c7d0ed98aaaaaf1,PEO TV GO OTT A la carte channels,2020-03,100
263,639eee857314ce7dd39ca7a84eb56529,PEO TV GO OTT A la carte channels,2020-03,100
264,21e2a94960106171ac59b4a319087d42,PEO TV GO OTT A la carte channels,2020-03,100
265,a4eebc122a8f3dc2b2cd9bf6420cf008,PEO TV GO OTT A la carte channels,2020-03,100
266,a0edde715d1903bd4c50ffad184ee2a4,PEO TV GO OTT A la carte channels,2020-03,100
267,808b95c7008ba4241493ae938e63012e,PEO TV GO OTT A la carte channels,2020-03,100
268,41d2c3d7ffdefd4cdfb8227b52bdc37f,PeoTVGo Channel Package,2020-03,350
269,52e7c04d12cb33c77031760584a9586e,PEO TV GO OTT A la carte channels,2020-03,100
270,9d2f5d0f09198069413924db9a10d1c3,PEO TV GO OTT A la carte channels,2020-03,100
271,2b1f1161870583f0b5280e0c5d629c78,PEO TV GO OTT A la carte channels,2020-03,100
272,25b2c30f24bbd86d7cca43e006f521fa,PEO TV GO OTT A la carte channels,2020-03,100
273,dae4c762e2af5a6b09ae61dd64e8a597,PEO TV GO OTT A la carte channels,2020-03,100
274,35653265b9dc1fc3aedba120476ef86d,PEO TV GO OTT A la carte channels,2020-03,100
275,819cb6072b7f743d7a35d187956afab4,PEO TV GO OTT A la carte channels,2020-03,100
276,2259de9b81a352a02bcddf28bdedde6f,PEO TV GO OTT A la carte channels,2020-03,100
277,e7bfef3276f6c0027bb79e98ae7fcdce,PEO TV GO OTT A la carte channels,2020-03,100
278,2b60f8ffb99f7932ee00cdd291fb1dd5,PEO TV GO OTT A la carte channels,2020-03,100
279,bd537f0b4dbc25dea026f9705c43ba03,PEO TV GO OTT A la carte channels,2020-03,100
280,204773567701102c4acf8fda9eaccfdd,PEO TV GO OTT A la carte channels,2020-03,100
281,d54af3961d00eb3e721ce7cc7574e4b4,PEO TV GO OTT A la carte channels,2020-03,100
282,69325672947dfadf5b4eda47157da277,PEO TV GO OTT A la carte channels,2020-03,100
283,e9da17d80fe1938c7dee8c900352d1e5,PEO TV GO OTT A la carte channels,2020-03,100
284,daa74e4f9afbb374acc64969fe778808,PEO TV GO OTT A la carte channels,2020-03,100
285,be57dd52a72846ff4d4a505373698f0b,PEO TV GO OTT A la carte channels,2020-03,100
286,dda37eaaec4b2895d9681f934ef36e20,PEO TV GO OTT A la carte channels,2020-03,100
287,446b44a4a65b65b4cf09e783683b4df2,PEO TV GO OTT A la carte channels,2020-03,100
288,d97bf82713a4a491e6600a4a2368d4fe,PEO TV GO OTT A la carte channels,2020-03,100
289,e7bfef3276f6c0027bb79e98ae7fcdce,PEO TV GO OTT A la carte channels,2020-04,100
290,d54af3961d00eb3e721ce7cc7574e4b4,PEO TV GO OTT A la carte channels,2020-04,100
291,d97bf82713a4a491e6600a4a2368d4fe,PEO TV GO OTT A la carte channels,2020-04,100
292,a4eebc122a8f3dc2b2cd9bf6420cf008,PEO TV GO OTT A la carte channels,2020-04,100
293,1c4c0f12a0352e8aaf58602ecf64e877,PEO TV GO OTT A la carte channels,2020-04,100
294,52e7c04d12cb33c77031760584a9586e,PEO TV GO OTT A la carte channels,2020-04,100
295,494de320778db98d7fa1751e8d60064c,PEO TV GO OTT A la carte channels,2020-04,100
296,52b1c4fc5583a0b8449029dc92eeae45,PEO TV GO OTT A la carte channels,2020-04,100
297,639eee857314ce7dd39ca7a84eb56529,PEO TV GO OTT A la carte channels,2020-04,100
298,35653265b9dc1fc3aedba120476ef86d,PEO TV GO OTT A la carte channels,2020-04,100
299,446b44a4a65b65b4cf09e783683b4df2,PEO TV GO OTT A la carte channels,2020-04,100
300,e9da17d80fe1938c7dee8c900352d1e5,PEO TV GO OTT A la carte channels,2020-04,100
301,c11a5aa14d094a93729db54e84d621ed,PEO TV GO OTT A la carte channels,2020-04,100
302,0f46a3bf356fee36239f081e103da76b,PEO TV GO OTT A la carte channels,2020-04,100
303,1c4c0f12a0352e8aaf58602ecf64e877,PeoTVGo Channel Package,2020-04,350
304,daa74e4f9afbb374acc64969fe778808,PEO TV GO OTT A la carte channels,2020-04,100
305,be57dd52a72846ff4d4a505373698f0b,PEO TV GO OTT A la carte channels,2020-04,100
306,819cb6072b7f743d7a35d187956afab4,PEO TV GO OTT A la carte channels,2020-04,100
307,933cd3394373b1d2929edcaa1974f7a1,PEO TV GO OTT A la carte channels,2020-04,100
308,9fb15a37e248fce31c7d0ed98aaaaaf1,PEO TV GO OTT A la carte channels,2020-04,100
309,e9c6e3f904c96634fd6d65955ad51c0a,PEO TV GO OTT A la carte channels,2020-04,100
310,41d2c3d7ffdefd4cdfb8227b52bdc37f,PEO TV GO OTT A la carte channels,2020-04,100
311,204773567701102c4acf8fda9eaccfdd,PEO TV GO OTT A la carte channels,2020-04,100
312,2b1f1161870583f0b5280e0c5d629c78,PEO TV GO OTT A la carte channels,2020-04,100
313,bd537f0b4dbc25dea026f9705c43ba03,PEO TV GO OTT A la carte channels,2020-04,100
314,808b95c7008ba4241493ae938e63012e,PEO TV GO OTT A la carte channels,2020-04,100
315,41d2c3d7ffdefd4cdfb8227b52bdc37f,PeoTVGo Channel Package,2020-04,350
316,44224bc1e2e7101c90bbad70dbcc5a6c,PEO TV GO OTT A la carte channels,2020-04,100
317,dae4c762e2af5a6b09ae61dd64e8a597,PEO TV GO OTT A la carte channels,2020-04,100
318,dda37eaaec4b2895d9681f934ef36e20,PEO TV GO OTT A la carte channels,2020-04,100
319,21e2a94960106171ac59b4a319087d42,PEO TV GO OTT A la carte channels,2020-04,100
320,9d2f5d0f09198069413924db9a10d1c3,PEO TV GO OTT A la carte channels,2020-04,100
321,2259de9b81a352a02bcddf28bdedde6f,PEO TV GO OTT A la carte channels,2020-04,100
322,25b2c30f24bbd86d7cca43e006f521fa,PEO TV GO OTT A la carte channels,2020-04,100
323,a51b26429dc990ff24dedbcd9316026e,PEO TV GO OTT A la carte channels,2020-04,100
324,2b60f8ffb99f7932ee00cdd291fb1dd5,PEO TV GO OTT A la carte channels,2020-04,100
325,e98442fafe89489ced0b54cd7e28e3c1,PEO TV GO OTT A la carte channels,2020-04,100
326,69325672947dfadf5b4eda47157da277,PEO TV GO OTT A la carte channels,2020-04,100
327,a0edde715d1903bd4c50ffad184ee2a4,PEO TV GO OTT A la carte channels,2020-04,100
328,34cbda4698077235df4c2a08ee6f15ee,PEO TV GO OTT A la carte channels,2020-05,100
329,52b1c4fc5583a0b8449029dc92eeae45,PEO TV GO OTT A la carte channels,2020-05,100
330,1c4c0f12a0352e8aaf58602ecf64e877,PEO TV GO OTT A la carte channels,2020-05,100
331,daa74e4f9afbb374acc64969fe778808,PEO TV GO OTT A la carte channels,2020-05,100
332,44224bc1e2e7101c90bbad70dbcc5a6c,PEO TV GO OTT A la carte channels,2020-05,100
333,0f46a3bf356fee36239f081e103da76b,PEO TV GO OTT A la carte channels,2020-05,100
334,2b60f8ffb99f7932ee00cdd291fb1dd5,PEO TV GO OTT A la carte channels,2020-05,100
335,bd537f0b4dbc25dea026f9705c43ba03,PEO TV GO OTT A la carte channels,2020-05,100
336,dda37eaaec4b2895d9681f934ef36e20,PEO TV GO OTT A la carte channels,2020-05,100
337,819cb6072b7f743d7a35d187956afab4,PEO TV GO OTT A la carte channels,2020-05,100
338,933cd3394373b1d2929edcaa1974f7a1,PEO TV GO OTT A la carte channels,2020-05,100
339,21e2a94960106171ac59b4a319087d42,PEO TV GO OTT A la carte channels,2020-05,100
340,d97bf82713a4a491e6600a4a2368d4fe,PEO TV GO OTT A la carte channels,2020-05,100
341,d54af3961d00eb3e721ce7cc7574e4b4,PEO TV GO OTT A la carte channels,2020-05,100
342,41d2c3d7ffdefd4cdfb8227b52bdc37f,PeoTVGo Channel Package,2020-05,350
343,be57dd52a72846ff4d4a505373698f0b,PEO TV GO OTT A la carte channels,2020-05,100
344,9fb15a37e248fce31c7d0ed98aaaaaf1,PEO TV GO OTT A la carte channels,2020-05,100
345,52e7c04d12cb33c77031760584a9586e,PEO TV GO OTT A la carte channels,2020-05,100
346,a0edde715d1903bd4c50ffad184ee2a4,PEO TV GO OTT A la carte channels,2020-05,100
347,808b95c7008ba4241493ae938e63012e,PEO TV GO OTT A la carte channels,2020-05,100
348,e98442fafe89489ced0b54cd7e28e3c1,PEO TV GO OTT A la carte channels,2020-05,100
349,639eee857314ce7dd39ca7a84eb56529,PEO TV GO OTT A la carte channels,2020-05,100
350,1c4c0f12a0352e8aaf58602ecf64e877,PeoTVGo Channel Package,2020-05,350
351,41d2c3d7ffdefd4cdfb8227b52bdc37f,PEO TV GO OTT A la carte channels,2020-05,100
352,e9da17d80fe1938c7dee8c900352d1e5,PEO TV GO OTT A la carte channels,2020-05,100
353,69325672947dfadf5b4eda47157da277,PEO TV GO OTT A la carte channels,2020-05,100
354,446b44a4a65b65b4cf09e783683b4df2,PEO TV GO OTT A la carte channels,2020-05,100
355,9d2f5d0f09198069413924db9a10d1c3,PEO TV GO OTT A la carte channels,2020-05,100
356,e9c6e3f904c96634fd6d65955ad51c0a,PEO TV GO OTT A la carte channels,2020-05,100
357,35653265b9dc1fc3aedba120476ef86d,PEO TV GO OTT A la carte channels,2020-05,100
358,dae4c762e2af5a6b09ae61dd64e8a597,PEO TV GO OTT A la carte channels,2020-05,100
359,25b2c30f24bbd86d7cca43e006f521fa,PEO TV GO OTT A la carte channels,2020-05,100
360,a4eebc122a8f3dc2b2cd9bf6420cf008,PEO TV GO OTT A la carte channels,2020-05,100
361,e7bfef3276f6c0027bb79e98ae7fcdce,PEO TV GO OTT A la carte channels,2020-05,100
362,2b1f1161870583f0b5280e0c5d629c78,PEO TV GO OTT A la carte channels,2020-05,100
363,2259de9b81a352a02bcddf28bdedde6f,PEO TV GO OTT A la carte channels,2020-05,100
364,a51b26429dc990ff24dedbcd9316026e,PEO TV GO OTT A la carte channels,2020-05,100
365,494de320778db98d7fa1751e8d60064c,PEO TV GO OTT A la carte channels,2020-05,100
366,c11a5aa14d094a93729db54e84d621ed,PEO TV GO OTT A la carte channels,2020-05,100
367,204773567701102c4acf8fda9eaccfdd,PEO TV GO OTT A la carte channels,2020-05,100
368,e9c6e3f904c96634fd6d65955ad51c0a,PEO TV GO OTT A la carte channels,2020-06,100
369,f530fa175c025159cdd33507a7f3d426,PeoTVGo Channel Package,2020-06,350
370,dda37eaaec4b2895d9681f934ef36e20,PEO TV GO OTT A la carte channels,2020-06,100
371,a51b26429dc990ff24dedbcd9316026e,PEO TV GO OTT A la carte channels,2020-06,100
372,204773567701102c4acf8fda9eaccfdd,PEO TV GO OTT A la carte channels,2020-06,100
373,446b44a4a65b65b4cf09e783683b4df2,PEO TV GO OTT A la carte channels,2020-06,100
374,52b1c4fc5583a0b8449029dc92eeae45,PEO TV GO OTT A la carte channels,2020-06,100
375,1c4c0f12a0352e8aaf58602ecf64e877,PEO TV GO OTT A la carte channels,2020-06,100
376,2b60f8ffb99f7932ee00cdd291fb1dd5,PEO TV GO OTT A la carte channels,2020-06,100
377,34cbda4698077235df4c2a08ee6f15ee,PEO TV GO OTT A la carte channels,2020-06,100
378,0f46a3bf356fee36239f081e103da76b,PEO TV GO OTT A la carte channels,2020-06,100
379,62fb58e7bc8acec8cd1553a9aae5e8b0,PEO TV GO OTT A la carte channels,2020-06,100
380,52e7c04d12cb33c77031760584a9586e,PEO TV GO OTT A la carte channels,2020-06,100
381,d54af3961d00eb3e721ce7cc7574e4b4,PEO TV GO OTT A la carte channels,2020-06,100
382,e7bfef3276f6c0027bb79e98ae7fcdce,PEO TV GO OTT A la carte channels,2020-06,100
383,69d89537ea9b733dd8295f0a9fed52a4,PeoTVGo Channel Package,2020-06,1050
384,9d2f5d0f09198069413924db9a10d1c3,PEO TV GO OTT A la carte channels,2020-06,100
385,808b95c7008ba4241493ae938e63012e,PEO TV GO OTT A la carte channels,2020-06,100
386,f530fa175c025159cdd33507a7f3d426,PeoTVGo Channel Package,2020-06,700
387,494de320778db98d7fa1751e8d60064c,PEO TV GO OTT A la carte channels,2020-06,100
388,35653265b9dc1fc3aedba120476ef86d,PEO TV GO OTT A la carte channels,2020-06,100
389,bd537f0b4dbc25dea026f9705c43ba03,PEO TV GO OTT A la carte channels,2020-06,100
390,e9da17d80fe1938c7dee8c900352d1e5,PEO TV GO OTT A la carte channels,2020-06,100
391,d97bf82713a4a491e6600a4a2368d4fe,PEO TV GO OTT A la carte channels,2020-06,100
392,819cb6072b7f743d7a35d187956afab4,PEO TV GO OTT A la carte channels,2020-06,100
393,be57dd52a72846ff4d4a505373698f0b,PEO TV GO OTT A la carte channels,2020-06,100
394,44224bc1e2e7101c90bbad70dbcc5a6c,PEO TV GO OTT A la carte channels,2020-06,100
395,639eee857314ce7dd39ca7a84eb56529,PEO TV GO OTT A la carte channels,2020-06,100
396,21e2a94960106171ac59b4a319087d42,PEO TV GO OTT A la carte channels,2020-06,100
397,69325672947dfadf5b4eda47157da277,PEO TV GO OTT A la carte channels,2020-06,100
398,1c4c0f12a0352e8aaf58602ecf64e877,PeoTVGo Channel Package,2020-06,350
399,dae4c762e2af5a6b09ae61dd64e8a597,PEO TV GO OTT A la carte channels,2020-06,100
400,41d2c3d7ffdefd4cdfb8227b52bdc37f,PeoTVGo Channel Package,2020-06,350
401,25b2c30f24bbd86d7cca43e006f521fa,PEO TV GO OTT A la carte channels,2020-06,100
402,2b1f1161870583f0b5280e0c5d629c78,PEO TV GO OTT A la carte channels,2020-06,100
403,e98442fafe89489ced0b54cd7e28e3c1,PEO TV GO OTT A la carte channels,2020-06,100
404,933cd3394373b1d2929edcaa1974f7a1,PEO TV GO OTT A la carte channels,2020-06,100
405,2259de9b81a352a02bcddf28bdedde6f,PEO TV GO OTT A la carte channels,2020-06,100
406,c11a5aa14d094a93729db54e84d621ed,PEO TV GO OTT A la carte channels,2020-06,100
407,daa74e4f9afbb374acc64969fe778808,PEO TV GO OTT A la carte channels,2020-06,100
408,69d89537ea9b733dd8295f0a9fed52a4,PeoTVGo Channel Package,2020-06,350
409,9fb15a37e248fce31c7d0ed98aaaaaf1,PEO TV GO OTT A la carte channels,2020-06,100
410,41d2c3d7ffdefd4cdfb8227b52bdc37f,PEO TV GO OTT A la carte channels,2020-06,100
411,a0edde715d1903bd4c50ffad184ee2a4,PEO TV GO OTT A la carte channels,2020-06,100
412,808b95c7008ba4241493ae938e63012e,PEO TV GO OTT A la carte channels,2020-07,100
413,204773567701102c4acf8fda9eaccfdd,PEO TV GO OTT A la carte channels,2020-07,100
414,819cb6072b7f743d7a35d187956afab4,PEO TV GO OTT A la carte channels,2020-07,100
415,69325672947dfadf5b4eda47157da277,PEO TV GO OTT A la carte channels,2020-07,100
416,be57dd52a72846ff4d4a505373698f0b,PEO TV GO OTT A la carte channels,2020-07,100
417,bd537f0b4dbc25dea026f9705c43ba03,PEO TV GO OTT A la carte channels,2020-07,100
418,dae4c762e2af5a6b09ae61dd64e8a597,PEO TV GO OTT A la carte channels,2020-07,100
419,35653265b9dc1fc3aedba120476ef86d,PEO TV GO OTT A la carte channels,2020-07,100
420,639eee857314ce7dd39ca7a84eb56529,PEO TV GO OTT A la carte channels,2020-07,100
421,2259de9b81a352a02bcddf28bdedde6f,PEO TV GO OTT A la carte channels,2020-07,100
422,9fb15a37e248fce31c7d0ed98aaaaaf1,PEO TV GO OTT A la carte channels,2020-07,100
423,62fb58e7bc8acec8cd1553a9aae5e8b0,PEO TV GO OTT A la carte channels,2020-07,100
424,2b60f8ffb99f7932ee00cdd291fb1dd5,PEO TV GO OTT A la carte channels,2020-07,100
425,1c4c0f12a0352e8aaf58602ecf64e877,PeoTVGo Channel Package,2020-07,350
426,a0edde715d1903bd4c50ffad184ee2a4,PEO TV GO OTT A la carte channels,2020-07,100
427,d97bf82713a4a491e6600a4a2368d4fe,PEO TV GO OTT A la carte channels,2020-07,100
428,c11a5aa14d094a93729db54e84d621ed,PEO TV GO OTT A la carte channels,2020-07,100
429,34cbda4698077235df4c2a08ee6f15ee,PEO TV GO OTT A la carte channels,2020-07,100
430,1c4c0f12a0352e8aaf58602ecf64e877,PEO TV GO OTT A la carte channels,2020-07,100
431,2b1f1161870583f0b5280e0c5d629c78,PEO TV GO OTT A la carte channels,2020-07,100
432,52e7c04d12cb33c77031760584a9586e,PEO TV GO OTT A la carte channels,2020-07,100
433,44224bc1e2e7101c90bbad70dbcc5a6c,PEO TV GO OTT A la carte channels,2020-07,100
434,e7bfef3276f6c0027bb79e98ae7fcdce,PEO TV GO OTT A la carte channels,2020-07,100
435,a4eebc122a8f3dc2b2cd9bf6420cf008,PEO TV GO OTT A la carte channels,2020-07,100
436,d54af3961d00eb3e721ce7cc7574e4b4,PEO TV GO OTT A la carte channels,2020-07,100
437,dda37eaaec4b2895d9681f934ef36e20,PEO TV GO OTT A la carte channels,2020-07,100
438,a4eebc122a8f3dc2b2cd9bf6420cf008,PEO TV GO OTT A la carte channels,2020-07,100
439,69d89537ea9b733dd8295f0a9fed52a4,PeoTVGo Channel Package,2020-07,350
440,494de320778db98d7fa1751e8d60064c,PEO TV GO OTT A la carte channels,2020-07,100
441,daa74e4f9afbb374acc64969fe778808,PEO TV GO OTT A la carte channels,2020-07,100
442,f530fa175c025159cdd33507a7f3d426,PeoTVGo Channel Package,2020-07,350
443,a51b26429dc990ff24dedbcd9316026e,PEO TV GO OTT A la carte channels,2020-07,100
444,41d2c3d7ffdefd4cdfb8227b52bdc37f,PEO TV GO OTT A la carte channels,2020-07,100
445,25b2c30f24bbd86d7cca43e006f521fa,PEO TV GO OTT A la carte channels,2020-07,100
446,e9c6e3f904c96634fd6d65955ad51c0a,PEO TV GO OTT A la carte channels,2020-07,100
447,21e2a94960106171ac59b4a319087d42,PEO TV GO OTT A la carte channels,2020-07,100
448,9d2f5d0f09198069413924db9a10d1c3,PEO TV GO OTT A la carte channels,2020-07,100
449,933cd3394373b1d2929edcaa1974f7a1,PEO TV GO OTT A la carte channels,2020-07,100
450,e98442fafe89489ced0b54cd7e28e3c1,PEO TV GO OTT A la carte channels,2020-07,100
451,41d2c3d7ffdefd4cdfb8227b52bdc37f,PeoTVGo Channel Package,2020-07,350
452,e9da17d80fe1938c7dee8c900352d1e5,PEO TV GO OTT A la carte channels,2020-07,100
453,0f46a3bf356fee36239f081e103da76b,PEO TV GO OTT A la carte channels,2020-07,100
454,52b1c4fc5583a0b8449029dc92eeae45,PEO TV GO OTT A la carte channels,2020-07,100
455,daa74e4f9afbb374acc64969fe778808,PEO TV GO OTT A la carte channels,2020-08,100
456,808b95c7008ba4241493ae938e63012e,PEO TV GO OTT A la carte channels,2020-08,100
457,dae4c762e2af5a6b09ae61dd64e8a597,PEO TV GO OTT A la carte channels,2020-08,100
458,a51b26429dc990ff24dedbcd9316026e,PEO TV GO OTT A la carte channels,2020-08,100
459,1c4c0f12a0352e8aaf58602ecf64e877,PeoTVGo Channel Package,2020-08,350
460,bd537f0b4dbc25dea026f9705c43ba03,PEO TV GO OTT A la carte channels,2020-08,100
461,21e2a94960106171ac59b4a319087d42,PEO TV GO OTT A la carte channels,2020-08,100
462,52e7c04d12cb33c77031760584a9586e,PEO TV GO OTT A la carte channels,2020-08,100
463,62fb58e7bc8acec8cd1553a9aae5e8b0,PEO TV GO OTT A la carte channels,2020-08,100
464,c11a5aa14d094a93729db54e84d621ed,PEO TV GO OTT A la carte channels,2020-08,100
465,9d2f5d0f09198069413924db9a10d1c3,PEO TV GO OTT A la carte channels,2020-08,100
466,933cd3394373b1d2929edcaa1974f7a1,PEO TV GO OTT A la carte channels,2020-08,100
467,0f46a3bf356fee36239f081e103da76b,PEO TV GO OTT A la carte channels,2020-08,100
468,52b1c4fc5583a0b8449029dc92eeae45,PEO TV GO OTT A la carte channels,2020-08,100
469,494de320778db98d7fa1751e8d60064c,PEO TV GO OTT A la carte channels,2020-08,100
470,204773567701102c4acf8fda9eaccfdd,PEO TV GO OTT A la carte channels,2020-08,100
471,dda37eaaec4b2895d9681f934ef36e20,PEO TV GO OTT A la carte channels,2020-08,100
472,f530fa175c025159cdd33507a7f3d426,PeoTVGo Channel Package,2020-08,350
473,e9c6e3f904c96634fd6d65955ad51c0a,PEO TV GO OTT A la carte channels,2020-08,100
474,1c4c0f12a0352e8aaf58602ecf64e877,PEO TV GO OTT A la carte channels,2020-08,100
475,d97bf82713a4a491e6600a4a2368d4fe,PEO TV GO OTT A la carte channels,2020-08,100
476,a4eebc122a8f3dc2b2cd9bf6420cf008,PEO TV GO OTT A la carte channels,2020-08,100
477,69325672947dfadf5b4eda47157da277,PEO TV GO OTT A la carte channels,2020-08,100
478,34cbda4698077235df4c2a08ee6f15ee,PEO TV GO OTT A la carte channels,2020-08,100
479,2c98d4759ee2eca3f2d966be8739c1fa,PEO TV GO OTT A la carte channels,2020-08,100
480,41d2c3d7ffdefd4cdfb8227b52bdc37f,PEO TV GO OTT A la carte channels,2020-08,100
481,25b2c30f24bbd86d7cca43e006f521fa,PEO TV GO OTT A la carte channels,2020-08,100
482,be57dd52a72846ff4d4a505373698f0b,PEO TV GO OTT A la carte channels,2020-08,100
483,44224bc1e2e7101c90bbad70dbcc5a6c,PEO TV GO OTT A la carte channels,2020-08,100
484,d54af3961d00eb3e721ce7cc7574e4b4,PEO TV GO OTT A la carte channels,2020-08,100
485,35653265b9dc1fc3aedba120476ef86d,PEO TV GO OTT A la carte channels,2020-08,100
486,9fb15a37e248fce31c7d0ed98aaaaaf1,PEO TV GO OTT A la carte channels,2020-08,100
487,a0edde715d1903bd4c50ffad184ee2a4,PEO TV GO OTT A la carte channels,2020-08,100
488,e98442fafe89489ced0b54cd7e28e3c1,PEO TV GO OTT A la carte channels,2020-08,100
489,e9da17d80fe1938c7dee8c900352d1e5,PEO TV GO OTT A la carte channels,2020-08,100
490,819cb6072b7f743d7a35d187956afab4,PEO TV GO OTT A la carte channels,2020-08,100
491,74e177b0c64177f4c813bd351337b796,PEO TV GO OTT A la carte channels,2020-08,100
492,2b60f8ffb99f7932ee00cdd291fb1dd5,PEO TV GO OTT A la carte channels,2020-08,100
493,41d2c3d7ffdefd4cdfb8227b52bdc37f,PeoTVGo Channel Package,2020-08,350
494,e7bfef3276f6c0027bb79e98ae7fcdce,PEO TV GO OTT A la carte channels,2020-08,100
495,639eee857314ce7dd39ca7a84eb56529,PEO TV GO OTT A la carte channels,2020-08,100
496,2259de9b81a352a02bcddf28bdedde6f,PEO TV GO OTT A la carte channels,2020-08,100
497,2b1f1161870583f0b5280e0c5d629c78,PEO TV GO OTT A la carte channels,2020-08,100
