,ACCOUNT_NUM.hash,Subscription,Sub_Type
0,719f2691cdcfa7bf910e12d8ed681430,SLT Megaline Triple Play Package,TRIPLE_PLAY
1,3c1fb4f1735abdecb81d29a5e14bad63,SLT Megaline Single Play Package,SINGLE_PLAY
2,9f95d9c107a917925ad9cee2d99725ac,SLT Megaline Triple Play Package,TRIPLE_PLAY
3,f64edbf9398b281de0b4a75c6022e724,SLT Megaline Single Play Package,SINGLE_PLAY
4,c4cdbf78ef3d51bc7877a0ad444bd245,SLT Megaline Triple Play Package,TRIPLE_PLAY
5,f4152db354915a1199a30502f58c4f35,SLT Megaline Double Play (PV) Package,DOUBLE_PLAY_PV
6,e4ab5d787687a66e1ca4b77aa74f78e9,SLT Megaline Double Play (BV) Package,DOUBLE_PLAY_BV
7,2c577d1e0da92022e77f38ed0248c612,SLT Megaline Triple Play Package,TRIPLE_PLAY
8,b9e4c77d0491ea8246e18cebe7531619,SLT Megaline Double Play (PV) Package,DOUBLE_PLAY_PV
9,2da5a522f5b0c6a0a94832625753b0d8,SLT Megaline Double Play (PV) Package,DOUBLE_PLAY_PV
10,8cfdf59322143cd5f64912932303207a,SLT Megaline Triple Play Package,TRIPLE_PLAY
11,56c1ce69ca6072b7733cae70028f72ae,SLT Megaline Double Play (PV) Package,DOUBLE_PLAY_PV
12,9b8346602e41e448af8355cf74ddc43f,SLT Megaline Triple Play Package,TRIPLE_PLAY
13,296a3019fe9e13a6b2414a7f1f24651e,SLT Megaline Double Play (BV) Package,DOUBLE_PLAY_BV
14,ef13c3e3304ad36b559ab073b6a20bf3,SLT Megaline Single Play Package,SINGLE_PLAY
15,05837c9e58679948f8c0d891fa4a0ccc,SLT Megaline Triple Play Package,TRIPLE_PLAY
16,d4107e07c708d4f0b8d7e3ef6beace2e,SLT Megaline Single Play Package,SINGLE_PLAY
17,554c4ca38ac24684ddc6fe4676d79ff3,SLT Megaline Triple Play Package,TRIPLE_PLAY
18,cf0566af26ea548a810c0b801bbee22d,SLT Megaline Triple Play Package,TRIPLE_PLAY
19,d40eb559bca3f5796a8250186a669fef,SLT Megaline Triple Play Package,TRIPLE_PLAY
20,70b2cff1551e282f233ccc1c06c97ca3,SLT Megaline Triple Play Package,TRIPLE_PLAY
21,a1a17097950da3f5a53f41a4089a143c,SLT Megaline Single Play Package,SINGLE_PLAY
22,81b794726ed4bcf61fd0f0e058242058,SLT Megaline Single Play Package,SINGLE_PLAY
23,c68667b1f27b1d6844cb1c670e2d0755,SLT Megaline Triple Play Package,TRIPLE_PLAY
24,2dcd61331bcf51f7c5145d5445fb4a89,SLT Megaline Triple Play Package,TRIPLE_PLAY
25,22b0834e2718881d70660c1e1201895a,SLT Megaline Double Play (BV) Package,DOUBLE_PLAY_BV
26,a1ce57e71f14d64d7f102472e78d8573,SLT Megaline Triple Play Package,TRIPLE_PLAY
27,0f19c9a1290067cbc8b863b3edcdd864,SLT Megaline Double Play (BV) Package,DOUBLE_PLAY_BV
28,ad370ac7ada064864f1a1bc1b94b4a12,SLT Megaline Triple Play Package,TRIPLE_PLAY
29,32d6114d307a0175d024ddb370b2a250,SLT Megaline Single Play Package,SINGLE_PLAY
30,dbbb4011c6cc809850aa01f8ff5fe922,SLT Megaline Triple Play Package,TRIPLE_PLAY
31,b8d75e411aac336e9b7a4dc7d793c8de,SLT Megaline Single Play Package,SINGLE_PLAY
32,bac1869aaca830112a6d925faf1ae49a,SLT Megaline Single Play Package,SINGLE_PLAY
33,6184e258fc549e12c235a2bc10ae297e,SLT Megaline Triple Play Package,TRIPLE_PLAY
34,6d431382e652af97c903f62fbcfec84d,SLT Megaline Triple Play Package,TRIPLE_PLAY
35,561765580fd11861e535c2d10e6f4126,SLT Megaline Double Play (BV) Package,DOUBLE_PLAY_BV
36,85895c8820fea2669cfe6bb13f2b3444,SLT Megaline Single Play Package,SINGLE_PLAY
37,bf8db0134011754167d677f2ec4e158f,SLT Megaline Triple Play Package,TRIPLE_PLAY
38,872dfbf45de7e581358dde3531e41405,SLT Megaline Double Play (PV) Package,DOUBLE_PLAY_PV
39,c1d6ac2b60f776b22b6bb42eb306d699,SLT Megaline Single Play Package,SINGLE_PLAY
40,7d5c2e0e04f42483da19c2d9e9c7746e,SLT Megaline Triple Play Package,TRIPLE_PLAY
41,bb11f3fbacb6e366cf1834be06b99179,SLT Megaline Triple Play Package,TRIPLE_PLAY
42,697ac4abb2f6162a2e0d4d81ffde9c37,SLT Megaline Triple Play Package,TRIPLE_PLAY
43,61b6612a422269efaca0831a43b9e20e,SLT Megaline Single Play Package,SINGLE_PLAY
44,e06596d86276a6c08f2deb39a7b68f5d,SLT Megaline Triple Play Package,TRIPLE_PLAY
45,733f5c3b394b6e2779e1f01f16068417,SLT Megaline Single Play Package,SINGLE_PLAY
46,c9128a4fdeeb96cabd25402cbc411eb1,SLT Megaline Double Play (BV) Package,DOUBLE_PLAY_BV
47,5dc96973a7f873061434798efde375f2,SLT Megaline Triple Play Package,TRIPLE_PLAY
48,15d49615ea4b0ad7572e8d10667d23cc,SLT Megaline Double Play (BV) Package,DOUBLE_PLAY_BV
49,11e762264ee9256192f1306bb25fcb5b,SLT Megaline Double Play (BV) Package,DOUBLE_PLAY_BV
50,4f27a5ced1c5707b9baa5abf7451309c,SLT Megaline Double Play (BV) Package,DOUBLE_PLAY_BV
51,66c90b0bad86f9942b839316d7078e69,SLT Megaline Single Play Package,SINGLE_PLAY
52,59e3494948116329f4c0eb70e5363c73,SLT Megaline Double Play (BV) Package,DOUBLE_PLAY_BV
53,00d5bb23e73e25b7b32d3ea8c5221dbd,SLT Megaline Double Play (PV) Package,DOUBLE_PLAY_PV
54,37b640aed304fffa3dcef2a324b6bafc,SLT Megaline Double Play (BV) Package,DOUBLE_PLAY_BV
55,0fb8c557d22f3fafbf573d925b8d5f96,SLT Megaline Single Play Package,SINGLE_PLAY
56,026368f4bccda09644665c13cbe13079,SLT Megaline Single Play Package,SINGLE_PLAY
57,ba41282293130bd2b1d7f9a889e6eadb,SLT Megaline Triple Play Package,TRIPLE_PLAY
58,23b8dcc156cd6c00287efd88ae321631,SLT Smartline Triple Play,TRIPLE_PLAY
59,4c2d153d71ac1303acec84da23f3de27,SLT Megaline Double Play (PV) Package,DOUBLE_PLAY_PV
60,ba18dd9ac0f3c4c845da23d1e3b40d66,SLT Megaline Triple Play Package,TRIPLE_PLAY
61,3e856543f0890a9c98d4ea038b487dce,SLT Megaline Triple Play Package,TRIPLE_PLAY
62,cc94c57867407f733d7160afb15f7ef5,SLT Megaline Triple Play Package,TRIPLE_PLAY
63,bd4d59633ffb8bd6fc82f3b4ada98fe9,SLT Megaline Double Play (BV) Package,DOUBLE_PLAY_BV
64,f74a488caa1be9f47b33abeb4ecf972f,SLT Megaline Single Play Package,SINGLE_PLAY
65,1ce18d35b2ddbbcc60b9948191ea6f54,SLT Megaline Triple Play Package,TRIPLE_PLAY
66,546191b74cd49d23ccd327a3361b1f1a,SLT Megaline Triple Play Package,TRIPLE_PLAY
67,5e80bb7d59c41cdc165125bdc860f699,SLT Megaline Single Play Package,SINGLE_PLAY
68,a79f2b6014730bd1031298841c8fef88,SLT Megaline Triple Play Package,TRIPLE_PLAY
69,0fa1d2aeb386d52b8fb4b545f3d28b5d,SLT Megaline Single Play Package,SINGLE_PLAY
70,5b5766c86cec63a602ff015ad7584953,SLT Megaline Triple Play Package,TRIPLE_PLAY
71,c01e10f2edcde3c23fc82bd74e85a402,SLT Megaline Triple Play Package,TRIPLE_PLAY
72,6e32d0a348d1ad246daa4104318d95b4,SLT Megaline Double Play (BV) Package,DOUBLE_PLAY_BV
73,bb5ef0231629690dab36f1552b70770b,SLT Megaline Double Play (BV) Package,DOUBLE_PLAY_BV
74,ab3d4a44d25a6e05bd425f6ff9d69d72,SLT Megaline Triple Play Package,TRIPLE_PLAY
75,0ab1d3f6a699bab522f95be45fb5784e,SLT Megaline Double Play (PV) Package,DOUBLE_PLAY_PV
76,42c1b2886070be82b961acee7c05544f,SLT Megaline Double Play (BV) Package,DOUBLE_PLAY_BV
77,f6e3e4e70d26cb296461e33de68fe3a6,SLT Megaline Triple Play Package,TRIPLE_PLAY
78,a38c9d9bf744892b7a984d7e298c0660,SLT Megaline Single Play Package,SINGLE_PLAY
79,0d9cb7bde64fc490154f18daf28d3884,SLT Megaline Single Play Package,SINGLE_PLAY
80,b35ae461186a3da220dc2921e9d72c76,SLT Megaline Single Play Package,SINGLE_PLAY
81,3b1f1becd16d2927812a4f3f5e1f580b,SLT Megaline Double Play (BV) Package,DOUBLE_PLAY_BV
82,266e8814522bb30a7ab42b8251bc043b,SLT Megaline Triple Play Package,TRIPLE_PLAY
83,cbd0ec20425b77fb80a753af4a8d895e,SLT Megaline Double Play (BV) Package,DOUBLE_PLAY_BV
84,f3e10f7bedf42dd49dc51395b4dd83ff,SLT Megaline Single Play Package,SINGLE_PLAY
85,712dcb28554b9021286790a65c99b441,SLT Megaline Double Play (BV) Package,DOUBLE_PLAY_BV
86,4b1f7bfd0aa9b296e1b62885043a0167,SLT Megaline Triple Play Package,TRIPLE_PLAY
87,6552a5e22fa0d340f0f841da2c0fe8ac,SLT Megaline Single Play Package,SINGLE_PLAY
88,ec5364f7cd81bb13ce3b2e829522c824,SLT Megaline Single Play Package,SINGLE_PLAY
89,0a2808ce587a25a6952a88844e8bf0a1,SLT Megaline Single Play Package,SINGLE_PLAY
90,d2b1988c765fc7d679a0f1a07d2d9d9a,SLT Megaline Triple Play Package,TRIPLE_PLAY
91,0fe2e3b19fef0e99885d5f62cc37c22d,SLT Megaline Single Play Package,SINGLE_PLAY
92,d3099d3fb50e694aa47899f9e59b0cd1,SLT Megaline Triple Play Package,TRIPLE_PLAY
93,18f6a17d27de55f7b8c9e0bddab9404f,SLT Megaline Triple Play Package,TRIPLE_PLAY
94,d75c3a27fd543cbffd8763a60ce00341,SLT Megaline Triple Play Package,TRIPLE_PLAY
95,0866e1a199b053b6762e99c9f7cacd6b,SLT Megaline Triple Play Package,TRIPLE_PLAY
96,6948c253ef8c29869048bdf3b0c81924,SLT Megaline Triple Play Package,TRIPLE_PLAY
97,a965cda4acb888f94d8916478284ddb4,SLT Megaline Double Play (BV) Package,DOUBLE_PLAY_BV
98,62fb58e7bc8acec8cd1553a9aae5e8b0,SLT Megaline Triple Play Package,TRIPLE_PLAY
99,fdf274d421e09f7677f3b579d45aa60b,SLT Megaline Double Play (BV) Package,DOUBLE_PLAY_BV
100,d38432b0e9e38f1d4bbfdaa76905080d,SLT Megaline Triple Play Package,TRIPLE_PLAY
101,57dde03a9ea917461c536cce1b435c67,SLT Megaline Triple Play Package,TRIPLE_PLAY
102,6b22b5149c936bbe09e79479a08bcfa7,SLT Megaline Single Play Package,SINGLE_PLAY
103,bb5837708e87a57c24f4d3588f6196d6,SLT Megaline Triple Play Package,TRIPLE_PLAY
104,a92192574aeebc571d4be3967a8bee5d,SLT Megaline Triple Play Package,TRIPLE_PLAY
105,6f0e373a6c2fc4ec0b45ff96cec19ff2,SLT Megaline Single Play Package,SINGLE_PLAY
106,bd4ca11c047deb1566e294f2c762ddf2,SLT Megaline Double Play (BV) Package,DOUBLE_PLAY_BV
107,e0e16275eab60ed6f36ffc21f09a5844,SLT Megaline Triple Play Package,TRIPLE_PLAY
108,543377841d5712c909269c03bb329092,SLT Megaline Triple Play Package,TRIPLE_PLAY
109,b15d8a612e32c813625d83e78d10a95c,SLT Megaline Double Play (PV) Package,DOUBLE_PLAY_PV
110,590a74c64da4a116f7add0655b3938d4,SLT Megaline Double Play (PV) Package,DOUBLE_PLAY_PV
111,69e1923e09bf3d05e260663b646ac83a,SLT Megaline Double Play (BV) Package,DOUBLE_PLAY_BV
112,ef5eb2bd87f8d084600007ae55c3a813,SLT Megaline Single Play Package,SINGLE_PLAY
113,4331912302921124842662df944ba046,SLT Megaline Double Play (BV) Package,DOUBLE_PLAY_BV
114,c35f8216e57ab23bec8abf126d795620,SLT Megaline Double Play (BV) Package,DOUBLE_PLAY_BV
115,f1774d54575c17dcc5a1c740cc379c2d,SLT Megaline Single Play Package,SINGLE_PLAY
116,7b7b34a5b9d59f774148138958f59610,SLT Megaline Single Play Package,SINGLE_PLAY
117,7684b27d889f8dcc283f51df214e9502,SLT Megaline Double Play (PV) Package,DOUBLE_PLAY_PV
118,66869e6fe7a915c8c8f363504a37fa0d,SLT Megaline Double Play (BV) Package,DOUBLE_PLAY_BV
119,fbc3bb19ac95cf245f78b7ac686e4ddd,SLT Megaline Double Play (BV) Package,DOUBLE_PLAY_BV
120,1f6c731178993235ecb5ff4a86be27d3,SLT Megaline Double Play (BV) Package,DOUBLE_PLAY_BV
121,f4b57b7c5071620109141b6712acc28e,SLT Megaline Double Play (BV) Package,DOUBLE_PLAY_BV
122,af62d52e9ba41faa64c7fb655917c731,SLT Megaline Triple Play Package,TRIPLE_PLAY
123,9f73c9c2a9d12dad963112a01f1d770f,SLT Megaline Single Play Package,SINGLE_PLAY
124,7a80615fb26922948d633269d57a5e8a,SLT Megaline Double Play (PV) Package,DOUBLE_PLAY_PV
125,fbb06fc0b3f059d33debc5ef33756ae1,SLT Megaline Triple Play Package,TRIPLE_PLAY
126,3bb9cd717dff86fc5913c020d3e9f582,SLT Megaline Single Play Package,SINGLE_PLAY
127,19e525b4f6ec55ae116b470dd853bddd,SLT Megaline Double Play (PV) Package,DOUBLE_PLAY_PV
128,e52e74e1033f003ee118ef40eb4f7229,SLT Megaline Triple Play Package,TRIPLE_PLAY
129,d884685f29139591a7d1ba88c49bb256,SLT Megaline Double Play (BV) Package,DOUBLE_PLAY_BV
130,ce2a3c0ad196e73f3cd2ba9f82a2b504,SLT Megaline Triple Play Package,TRIPLE_PLAY
131,44d58c09643065f357d46358acbc36e1,SLT Megaline Double Play (BV) Package,DOUBLE_PLAY_BV
132,4cf39fbb21dbb056669ee97086951856,SLT Megaline Triple Play Package,TRIPLE_PLAY
133,885bc2d0556727f8b6ee192af12dbbf7,SLT Megaline Double Play (BV) Package,DOUBLE_PLAY_BV
134,9796df61cd165b829364c6e9983513a2,SLT Megaline Double Play (BV) Package,DOUBLE_PLAY_BV
135,fbfdb60177fd5265eb5f0dc6a5f786a6,SLT Megaline Triple Play Package,TRIPLE_PLAY
136,2410650dfda5812a8a781bffc2ae56cd,SLT Megaline Triple Play Package,TRIPLE_PLAY
137,c731ab371bdb019ac36cb39e36ffb9ad,SLT Megaline Triple Play Package,TRIPLE_PLAY
138,92a2cc0e30bee9f728795eda9e2084ce,SLT Megaline Single Play Package,SINGLE_PLAY
139,9f749fefe8713d42acef8b6787cca276,SLT Megaline Triple Play Package,TRIPLE_PLAY
140,8faa068f1432a947e929501632584ff7,SLT Megaline Triple Play Package,TRIPLE_PLAY
141,f914d14f1f69c4d0e5edae1e10b74a0c,SLT Megaline Triple Play Package,TRIPLE_PLAY
142,107512d50296a0dd95997fc9097f3ecf,SLT Megaline Triple Play Package,TRIPLE_PLAY
143,f42683f7dfa06b3b65838c9704da8113,SLT Megaline Double Play (BV) Package,DOUBLE_PLAY_BV
144,5d86d5152fad3c859e16a78c0ce1074d,SLT Megaline Triple Play Package,TRIPLE_PLAY
145,1619b0f8b4a20f568e30d80daf5b39a5,SLT Megaline Triple Play Package,TRIPLE_PLAY
146,1ecc38101678a0b016ef7a4f44d8a87b,SLT Megaline Single Play Package,SINGLE_PLAY
147,c3f1c484e096650c23274ed124fda5ab,SLT Megaline Triple Play Package,TRIPLE_PLAY
148,9464150dc454b6baad86077728be91f6,SLT Megaline Double Play (BV) Package,DOUBLE_PLAY_BV
149,aee5bc6be3b50afe66cde3095448e88b,SLT Megaline Single Play Package,SINGLE_PLAY
150,bbc5bbab3ff7155ba85777175b039cd3,SLT Megaline Triple Play Package,TRIPLE_PLAY
151,aaa28b4867f63ee26dcf724952b11a93,SLT Megaline Single Play Package,SINGLE_PLAY
152,36eb10793bed8cedd0543aadd8b2935e,SLT Megaline Triple Play Package,TRIPLE_PLAY
153,77783b6b026d45d290558265df7de337,SLT Megaline Single Play Package,SINGLE_PLAY
154,9a7f9718ff835292c03a93382d0a29bd,SLT Megaline Triple Play Package,TRIPLE_PLAY
155,b4beb3d33fcb942ab8c581a0a5d97ae5,SLT Megaline Triple Play Package,TRIPLE_PLAY
156,118aa3e7b903cf4c898eaa2ca04c43fd,SLT Megaline Triple Play Package,TRIPLE_PLAY
157,af174b1e441e07d93b88e7a3d5457740,SLT Megaline Double Play (PV) Package,DOUBLE_PLAY_PV
158,d1044116b28fd1f568b0419f3cac9992,SLT Smartline Triple Play,TRIPLE_PLAY
159,a6671618eccc37bedb264fcd246bb9fd,SLT Smartline Triple Play,TRIPLE_PLAY
160,de6b07bb076db11ba685a574597ee60d,SLT Megaline Double Play (BV) Package,DOUBLE_PLAY_BV
161,5c6d01e13b1f9a8352527d4f107dbf24,SLT Megaline Double Play (BV) Package,DOUBLE_PLAY_BV
162,ac1c84bef83225528af864a119a4599e,SLT Megaline Single Play Package,SINGLE_PLAY
163,b330c23a1cc0734c69f1efbb299f17cc,SLT Megaline Double Play (BV) Package,DOUBLE_PLAY_BV
164,d25091fa7314377a7080d9fd6435f646,SLT Megaline Double Play (BV) Package,DOUBLE_PLAY_BV
165,d0ca8f212357933c831f01609103bce9,SLT Megaline Double Play (PV) Package,DOUBLE_PLAY_PV
166,33b1698f14c4942a2bcb3d871a9dcd81,SLT Megaline Double Play (BV) Package,DOUBLE_PLAY_BV
167,ac65d138775c58dabd6f0c898b3eca45,SLT Megaline Double Play (BV) Package,DOUBLE_PLAY_BV
168,48e41575216d90b1a7b7a1058905111b,SLT Megaline Double Play (PV) Package,DOUBLE_PLAY_PV
169,1720696a0cc0328d0bef44d8bc538f8f,SLT Megaline Triple Play Package,TRIPLE_PLAY
170,71a4336530295c2214c34da55f5ce115,SLT Megaline Double Play (BV) Package,DOUBLE_PLAY_BV
171,62ec977241520b1a0d5b0b35fd8f7973,SLT Megaline Double Play (PV) Package,DOUBLE_PLAY_PV
172,90a88bb1cdd748cdaaded327685dabf8,SLT Megaline Double Play (PV) Package,DOUBLE_PLAY_PV
173,e063d5e3e89a23dd9e03a637350afb61,SLT Megaline Double Play (PV) Package,DOUBLE_PLAY_PV
174,12e8ff3dc92bc4fdbd7840c05468bc09,SLT Megaline Triple Play Package,TRIPLE_PLAY
175,21ae95c42acca22030b997bca02c0f28,SLT Megaline Double Play (BV) Package,DOUBLE_PLAY_BV
176,632c81aa0a869570ce2ea954c7d460cf,SLT Megaline Double Play (PV) Package,DOUBLE_PLAY_PV
177,39af5478e4375ef1f2ec9fcea8c78840,SLT Megaline Single Play Package,SINGLE_PLAY
178,76d9ebdabc9289f652367e82f2371dc8,SLT Megaline Triple Play Package,TRIPLE_PLAY
179,a5d3e54f87841f8e48729db28fa6a955,SLT Megaline Single Play Package,SINGLE_PLAY
180,724bbbcc09bc1b4d4dc54f48a3063478,SLT Megaline Triple Play Package,TRIPLE_PLAY
181,558d0557b955af3272278085c06d85ba,SLT Megaline Single Play Package,SINGLE_PLAY
182,c950439894f62f21dd183242e041a5a5,SLT Megaline Single Play Package,SINGLE_PLAY
183,3d7710de983cbb77fe69d73914ec414a,SLT Megaline Single Play Package,SINGLE_PLAY
184,648d508470b0a8644957a582c96c1681,SLT Megaline Triple Play Package,TRIPLE_PLAY
185,dcfe5ef779e93f5cf5afde254c1b5c1f,SLT Megaline Single Play Package,SINGLE_PLAY
186,a3b438055ab352c8f022d1d9347775ae,SLT Megaline Double Play (BV) Package,DOUBLE_PLAY_BV
187,67a0df571e3aa48aa7b07bff76c39f03,SLT Megaline Double Play (PV) Package,DOUBLE_PLAY_PV
188,79b864b3fbe496b0efac3197185124ad,SLT Megaline Double Play (BV) Package,DOUBLE_PLAY_BV
189,93e1727e57361a57b095eef02f7b9438,SLT Megaline Double Play (BV) Package,DOUBLE_PLAY_BV
190,68167674cb0624a2ead7e0a895339964,SLT Megaline Double Play (BV) Package,DOUBLE_PLAY_BV
191,125cd3d518ec89dcffd30b0c5fbae9c7,SLT Megaline Triple Play Package,TRIPLE_PLAY
192,7a4e5798abc9c9e314e4c6367da7e558,SLT Megaline Single Play Package,SINGLE_PLAY
193,6626085c716b1b96527e41a1567aac6d,SLT Megaline Triple Play Package,TRIPLE_PLAY
194,bcfdcb1f86201953e06ad38af1c1f9d3,SLT Megaline Single Play Package,SINGLE_PLAY
195,0fd63ddba63be062131e0c0eb8066192,SLT Megaline Triple Play Package,TRIPLE_PLAY
196,798441cec2a5078b021f9873599c699e,SLT Megaline Single Play Package,SINGLE_PLAY
197,88d27b718c1c1b082aa2caf07fe94716,SLT Megaline Double Play (PV) Package,DOUBLE_PLAY_PV
198,9af4fa40df83f2014cbb55179d2d3f1e,SLT Megaline Double Play (PV) Package,DOUBLE_PLAY_PV
199,e9bbb39fa95a52c56ee6057c21f84922,SLT Megaline Single Play Package,SINGLE_PLAY
200,6ceafe0f8f87f26e0b6c869c3f47ed3a,SLT Megaline Double Play (BV) Package,DOUBLE_PLAY_BV
201,2f1d40b423aef707a108ca02c1969510,SLT Megaline Double Play (BV) Package,DOUBLE_PLAY_BV
202,30cabe2a9b5de9f207f9808fa7dbd91d,SLT Megaline Triple Play Package,TRIPLE_PLAY
203,2c5b39e008067f1e0d5197357d8dfe09,SLT Megaline Single Play Package,SINGLE_PLAY
204,59600c518e06137a7cfce173bb795123,SLT LTE Double Play Package,DOUBLE_PLAY_BV
205,e424e102c32e6848719f2c532a0d47bb,SLT Megaline Double Play (BV) Package,DOUBLE_PLAY_BV
206,f9d084696a16cd0ec64b5e0663638546,SLT Megaline Double Play (BV) Package,DOUBLE_PLAY_BV
207,5500568d27e03f40acd5fa387619b65a,SLT Megaline Triple Play Package,TRIPLE_PLAY
208,2df2f59542cfbe7162b09ee66f0f2272,SLT Megaline Double Play (BV) Package,DOUBLE_PLAY_BV
209,7d20a217b0f2d6ce3f57178e297e5997,SLT Megaline Double Play (PV) Package,DOUBLE_PLAY_PV
210,59a545a30729f82fa24e7ce3ddb70abf,SLT Megaline Single Play Package,SINGLE_PLAY
211,ad4504327db7ca40290b9d7e3686180a,SLT Megaline Single Play Package,SINGLE_PLAY
212,3824b3901488c8309867305ac0bca1ed,SLT Megaline Triple Play Package,TRIPLE_PLAY
213,02d208b753acaa64ccaa5571837b3959,SLT Megaline Double Play (PV) Package,DOUBLE_PLAY_PV
214,3b7551daa1aa8beacb616daef0291ee4,SLT Megaline Single Play Package,SINGLE_PLAY
215,15a55e4cc26ec3bfcf291da8cf4c5b09,SLT Megaline Triple Play Package,TRIPLE_PLAY
216,42e246b6d9784f6480d686cb715ace37,SLT Megaline Triple Play Package,TRIPLE_PLAY
217,b8ad9ec6bf6e8dfb461af71d1e637f3a,SLT Megaline Double Play (PV) Package,DOUBLE_PLAY_PV
218,d4dd40a9fec3ec139a7b9fb2dc98c178,SLT Megaline Triple Play Package,TRIPLE_PLAY
219,ce1479b8057f64eb01d40dbbde2c4a8a,SLT Megaline Double Play (PV) Package,DOUBLE_PLAY_PV
220,1bea6251ef5e2e779debfd9f52dc218b,SLT Megaline Single Play Package,SINGLE_PLAY
221,894475012adac7f10162d2969d9ab6e3,SLT Megaline Double Play (PV) Package,DOUBLE_PLAY_PV
222,92199cb4ed5d49e383036e77ff0f4711,SLT Megaline Double Play (BV) Package,DOUBLE_PLAY_BV
223,df4cead5fdd217ea679e8fd59935604b,SLT Megaline Triple Play Package,TRIPLE_PLAY
224,fa992c6b5cf485bc1fd52316781197d7,SLT Megaline Double Play (BV) Package,DOUBLE_PLAY_BV
225,bfcd9dbf9cb952a184d7e5a4a8059df1,SLT Megaline Triple Play Package,TRIPLE_PLAY
226,5455c60802d6d55b90a250ff5e3c18b8,SLT Megaline Single Play Package,SINGLE_PLAY
227,315feb52cb4ccdc70e35bc8a21056716,SLT Megaline Double Play (PV) Package,DOUBLE_PLAY_PV
228,4520c37b3625b1e8af30b51159e921dd,SLT Megaline Double Play (BV) Package,DOUBLE_PLAY_BV
229,9c9b0255d776404746f570e4b342b121,SLT Megaline Double Play (PV) Package,DOUBLE_PLAY_PV
230,a5a2c3a0e87115239a592492f54343e6,SLT Megaline Triple Play Package,TRIPLE_PLAY
231,863fa06edcc767b59d2afc4d04449ba3,SLT Megaline Single Play Package,SINGLE_PLAY
232,d050863b5f44ea06dbabfdb8dbbd90d3,SLT Megaline Triple Play Package,TRIPLE_PLAY
233,cac341d34d55f919d74dc16466cc9f49,SLT Megaline Single Play Package,SINGLE_PLAY
234,cc8d273c826b1c1a630bc259f84a9f5c,SLT Megaline Double Play (BV) Package,DOUBLE_PLAY_BV
235,62bd8ebb6ff7c3676ef87c700ed15758,SLT Megaline Triple Play Package,TRIPLE_PLAY
236,b23551e435e3874753942d5bb7e38adf,SLT Megaline Triple Play Package,TRIPLE_PLAY
237,3ff159880f605da24a6b5a2f942cae5c,SLT Megaline Double Play (PV) Package,DOUBLE_PLAY_PV
238,7a631a2a11a983f2b7e30d1e8df5a78f,SLT Megaline Single Play Package,SINGLE_PLAY
239,b7ab10b918a86a42fa339b83aabd816d,SLT Megaline Single Play Package,SINGLE_PLAY
240,14c2ba3d29b26329b37f28d52a404053,SLT Megaline Single Play Package,SINGLE_PLAY
241,066323e15583647d5102a831aa53aba7,SLT Megaline Double Play (BV) Package,DOUBLE_PLAY_BV
242,9d500033d4c2155507d7e6ab3603a913,SLT Megaline Single Play Package,SINGLE_PLAY
243,60fc80e0cdc89975d474afc0fa42f6f4,SLT Megaline Triple Play Package,TRIPLE_PLAY
244,42a26560ecf05a2c5fa41fb6fe8058eb,SLT Megaline Single Play Package,SINGLE_PLAY
245,559698752629d71ade5b54e984e58978,SLT Megaline Double Play (BV) Package,DOUBLE_PLAY_BV
246,f66ee4c70cff500b9b5a420f02633d8a,SLT Megaline Single Play Package,SINGLE_PLAY
247,66dc9035038669af548f4e1401ca539d,SLT Megaline Double Play (BV) Package,DOUBLE_PLAY_BV
248,4bc9191f1f5171fd0dcdad9ce5a0594f,SLT Megaline Double Play (BV) Package,DOUBLE_PLAY_BV
249,914f4caf98e36d45627e90a284ed1eff,SLT Megaline Single Play Package,SINGLE_PLAY
250,1ce59fcb168ead04b8fb8c875c914e3a,SLT Megaline Double Play (PV) Package,DOUBLE_PLAY_PV
251,806a785f13dac4bf90f1ffd0ccf09a58,SLT Megaline Double Play (PV) Package,DOUBLE_PLAY_PV
252,88295500b0ade5e9594be2497bc82ee3,SLT Megaline Single Play Package,SINGLE_PLAY
253,06f2a188edc94d1a7115a89909aa1a00,SLT Megaline Triple Play Package,TRIPLE_PLAY
254,dd4370f9b5dc919f9869f092b0fab76c,SLT Megaline Double Play (BV) Package,DOUBLE_PLAY_BV
255,ee32cf0c7ba64fbe3a5570abdfa1a406,SLT Megaline Triple Play Package,TRIPLE_PLAY
256,4f19598e79d431fdeb86579d366fa0e0,SLT Megaline Double Play (PV) Package,DOUBLE_PLAY_PV
257,bf3323d060f35bee053b997579324486,SLT Megaline Single Play Package,SINGLE_PLAY
258,6876df747de66cfb33ecd010dfcd68c7,SLT Megaline Double Play (PV) Package,DOUBLE_PLAY_PV
259,1777c9666084aac299dbc0163120eaf8,SLT Megaline Double Play (BV) Package,DOUBLE_PLAY_BV
260,9c926ad1c6705e1f46462dc5b59d8feb,SLT Megaline Double Play (PV) Package,DOUBLE_PLAY_PV
261,905e907d823a63d5f2020e091191e11e,SLT Megaline Single Play Package,SINGLE_PLAY
262,3e95dd47b2766c3c53304580e84bcb58,SLT Megaline Double Play (PV) Package,DOUBLE_PLAY_PV
263,b8f949b12ac52d76bff8f091f2d4e5eb,SLT Megaline Double Play (BV) Package,DOUBLE_PLAY_BV
264,d4cd7acb6e72b13adde72f53cd3e3e4f,SLT Megaline Triple Play Package,TRIPLE_PLAY
265,cbdd4f5fcffb5a76fd0fca5b032fe8b7,SLT Megaline Single Play Package,SINGLE_PLAY
266,bc5cc066d49637aa1c7457d6a51d1995,SLT Megaline Triple Play Package,TRIPLE_PLAY
267,1a9645324dc8cb14f36f243c189772b4,SLT Megaline Triple Play Package,TRIPLE_PLAY
268,ee1e478dbdf177dc618699cea55e93ee,SLT Megaline Triple Play Package,TRIPLE_PLAY
269,3e3066c57fdadc381bb9e0e603b5b411,SLT Megaline Triple Play Package,TRIPLE_PLAY
270,83487e824fa7b4686d385602a4006bae,SLT Megaline Single Play Package,SINGLE_PLAY
271,813af507d5b794147b2a65bb7495d023,SLT Megaline Double Play (BV) Package,DOUBLE_PLAY_BV
272,21354ff80f2eebde68a883fd3ad2583e,SLT Megaline Triple Play Package,TRIPLE_PLAY
273,aeb11c7cddc657783d2ce4fc7dc2baeb,SLT Megaline Double Play (PV) Package,DOUBLE_PLAY_PV
274,826604f55792074aee2537040d82ff5e,SLT Megaline Triple Play Package,TRIPLE_PLAY
275,80e1aa78ba3ff80f076127f66909a8df,SLT Megaline Single Play Package,SINGLE_PLAY
276,558594e1ae9f42f27b544e28bfce255d,SLT Megaline Single Play Package,SINGLE_PLAY
277,e5b8701c63dcecb3f359a30908485b52,SLT Megaline Double Play (PV) Package,DOUBLE_PLAY_PV
278,1ac9cef55b7a012cf97dc32bf9d589d6,SLT Megaline Triple Play Package,TRIPLE_PLAY
279,f5f83b6ec614cf00c82bfdc64fe12b46,SLT Megaline Double Play (PV) Package,DOUBLE_PLAY_PV
280,9b7afc0059e980c5c6f30b1705e50c88,SLT Megaline Triple Play Package,TRIPLE_PLAY
281,d7b29cfdc59cb97459110287bd6be52f,SLT Megaline Double Play (BV) Package,DOUBLE_PLAY_BV
282,93c54997547ad2ee368728bc72ab5c98,SLT Megaline Triple Play Package,TRIPLE_PLAY
283,fd3b30118c8c6faa2ba4dc83e1f35bab,SLT Megaline Triple Play Package,TRIPLE_PLAY
284,9744486242c3f48eb8e54fe1d1d412ab,SLT Megaline Double Play (PV) Package,DOUBLE_PLAY_PV
285,fa28fc874896df100e7ed28bea36eefc,SLT Megaline Single Play Package,SINGLE_PLAY
286,ecba62433d5fbabead87d762a930d391,SLT Megaline Single Play Package,SINGLE_PLAY
287,a24a64840eefe80e019dbcba52e43c71,SLT Megaline Double Play (BV) Package,DOUBLE_PLAY_BV
288,776c012924bea6417295733dc228a472,SLT Megaline Triple Play Package,TRIPLE_PLAY
289,efdddc591edae3f10ed894afef27d30e,SLT Megaline Triple Play Package,TRIPLE_PLAY
290,2629cb4adf6a00143dfe497a9bbddff7,SLT Megaline Double Play (BV) Package,DOUBLE_PLAY_BV
291,7d8186ef45fbbdb8a12e98af8a4fb7c5,SLT Megaline Single Play Package,SINGLE_PLAY
292,1c85cb9e4f4a3e6a7224f9e12cb86960,SLT Megaline Double Play (PV) Package,DOUBLE_PLAY_PV
293,1de928d00b6ec68939890da334d6dd91,SLT Megaline Double Play (PV) Package,DOUBLE_PLAY_PV
294,710afdfeb5fc2455f2b962bb52e9dd29,SLT Megaline Triple Play Package,TRIPLE_PLAY
295,2346d3ad17d707b48595a520a70ed360,SLT Megaline Triple Play Package,TRIPLE_PLAY
296,248fa6189625166ca11cb4d6ade7d112,SLT Megaline Single Play Package,SINGLE_PLAY
297,b9dc1c1eb57dd1479003de35b21cbec8,SLT Megaline Triple Play Package,TRIPLE_PLAY
298,d366288fd135e65ab288cf42488c3a98,SLT Megaline Single Play Package,SINGLE_PLAY
299,0f11c327971bb4c517196bf2b59fb79e,SLT Megaline Double Play (PV) Package,DOUBLE_PLAY_PV
300,bf0b320f08c3e9468315676a08680098,SLT Megaline Double Play (BV) Package,DOUBLE_PLAY_BV
301,276d0ad8224e2c26bffa21a1462eaadc,SLT Megaline Triple Play Package,TRIPLE_PLAY
302,daa74e4f9afbb374acc64969fe778808,SLT Megaline Double Play (BV) Package,DOUBLE_PLAY_BV
303,f9f863bed4756082bd2a3dc51cf9d540,SLT Megaline Double Play (BV) Package,DOUBLE_PLAY_BV
304,803a1e2da5381b361cb975bd647d956f,SLT Megaline Single Play Package,SINGLE_PLAY
305,4af57fa00ca31102afabc9b2b19966a0,SLT Megaline Single Play Package,SINGLE_PLAY
306,0ac4668ca6b197b3c299f4f34f9a7f65,SLT Megaline Double Play (PV) Package,DOUBLE_PLAY_PV
307,027deef02de2a9ef212786f1681d6465,SLT Megaline Single Play Package,SINGLE_PLAY
308,bf24bb4d16276ef6161e3e8f3435f975,SLT Megaline Double Play (BV) Package,DOUBLE_PLAY_BV
309,a767eaaf936b76bd6f571ad03f72fb27,SLT Megaline Single Play Package,SINGLE_PLAY
310,b980b6f0441e23e2726f0e66e6ba734d,SLT Smartline Double Play (PV),DOUBLE_PLAY_PV
311,4d541f5b238fbfc3635f8b0a832308cf,SLT Megaline Single Play Package,SINGLE_PLAY
312,6c4e0622eabb0cd72da7dee9ac9e1996,SLT Megaline Single Play Package,SINGLE_PLAY
313,baff2096002aacc90b45e3d777e0b396,SLT Megaline Single Play Package,SINGLE_PLAY
314,abf1804177abbc9c93447478aa31465f,SLT Megaline Triple Play Package,TRIPLE_PLAY
315,f30239b38d1bf3b462080b8737465b9b,SLT Megaline Single Play Package,SINGLE_PLAY
316,729e0a0a75015a8908d0989386f4454e,SLT Megaline Double Play (PV) Package,DOUBLE_PLAY_PV
317,3371536ecd8270c940ffb12849b84f7c,SLT Megaline Triple Play Package,TRIPLE_PLAY
318,1022655080756ed52c8ae8deea6a1c79,SLT Megaline Double Play (BV) Package,DOUBLE_PLAY_BV
319,34cbda4698077235df4c2a08ee6f15ee,SLT Megaline Double Play (PV) Package,DOUBLE_PLAY_PV
320,1f17a575b6a52725ff5e26614b0cf1be,SLT Megaline Double Play (BV) Package,DOUBLE_PLAY_BV
321,cac94bcebbe65e3a7d6bebdd6d9527e3,SLT Megaline Triple Play Package,TRIPLE_PLAY
322,74f4085f083da6e2fb68a1fa67d3846a,SLT Megaline Double Play (BV) Package,DOUBLE_PLAY_BV
323,62adf002cd6168f6c746b83015fefd95,SLT Megaline Double Play (BV) Package,DOUBLE_PLAY_BV
324,940cf6dbf39bdeff4546acb18afa07f4,SLT Megaline Single Play Package,SINGLE_PLAY
325,b30b53ebc3474896e19e08b36a4f6751,SLT Megaline Double Play (BV) Package,DOUBLE_PLAY_BV
326,2aa22ae98bdbcfe91b5b7ae9c954d26c,SLT Megaline Triple Play Package,TRIPLE_PLAY
327,aafc7489697e0f33f88645c99f25f7e4,SLT Megaline Double Play (BV) Package,DOUBLE_PLAY_BV
328,c77f4e773ff3fb98153cd5d58d907c63,SLT Megaline Double Play (PV) Package,DOUBLE_PLAY_PV
329,77fd1d91ee48aa66d1c289c1a5cf0045,SLT Megaline Double Play (BV) Package,DOUBLE_PLAY_BV
330,c58b18d4a12e8dca20d317e109ff3a8e,SLT Megaline Double Play (PV) Package,DOUBLE_PLAY_PV
331,090ae6fc9c638a0607d537f676a14c17,SLT Megaline Single Play Package,SINGLE_PLAY
332,d471115e601847f5295d0e72064ed472,SLT Megaline Double Play (BV) Package,DOUBLE_PLAY_BV
333,8c30c90cf2f5e5bb19c0df5c06c672ef,SLT Megaline Single Play Package,SINGLE_PLAY
334,1312d295fb91ad37e12157e294a4e0b4,SLT Megaline Double Play (PV) Package,DOUBLE_PLAY_PV
335,f4e6f3ed9e6840eb668f1a4f56ca7508,SLT Megaline Double Play (PV) Package,DOUBLE_PLAY_PV
336,a4e550fe6deb6a382fd7fc4d30bda0c6,SLT Megaline Single Play Package,SINGLE_PLAY
337,39218522cdcd2fab4981794911fcb80d,SLT Megaline Double Play (BV) Package,DOUBLE_PLAY_BV
338,373b532da56d18f90845d2a1749d588d,SLT Megaline Double Play (PV) Package,DOUBLE_PLAY_PV
339,f18cbade5483787052f1d4c4c85d34d0,SLT Megaline Double Play (BV) Package,DOUBLE_PLAY_BV
340,ccefd2d1e566acd90f8edae3897e1c27,SLT Megaline Single Play Package,SINGLE_PLAY
341,72b7365340c44fa53ad83a0266b31e17,SLT Megaline Triple Play Package,TRIPLE_PLAY
342,79749ad27e19f83bdb5c9565f5ab1f32,SLT Megaline Single Play Package,SINGLE_PLAY
343,37323d9d9f592e0cc090f41477d2c069,SLT Megaline Double Play (PV) Package,DOUBLE_PLAY_PV
344,8f1090e498258cd423992918bfff125b,SLT Megaline Single Play Package,SINGLE_PLAY
345,b65fefee971a5179158d4ab784714866,SLT Megaline Triple Play Package,TRIPLE_PLAY
346,e17407c2f6581dc7f32e9e3c30e6e64b,SLT Megaline Double Play (BV) Package,DOUBLE_PLAY_BV
347,e2cc25455291a30fc3587d3a12946d25,SLT Megaline Double Play (PV) Package,DOUBLE_PLAY_PV
348,b48113f42dfb9d8a757a5636ae647c21,SLT Megaline Single Play Package,SINGLE_PLAY
349,89afaa4be5b953a550ad22952f626563,SLT Megaline Double Play (PV) Package,DOUBLE_PLAY_PV
350,57f14fdf8b2dcf8c336bb18a809ecbb7,SLT Megaline Double Play (PV) Package,DOUBLE_PLAY_PV
351,bdbe20afd6f96047256b974cc6f8417c,SLT Megaline Double Play (PV) Package,DOUBLE_PLAY_PV
352,e34898c40389831d7772949ce1944877,SLT Megaline Single Play Package,SINGLE_PLAY
353,a4cf481a823ea25d21a7f8b20036bbba,SLT Megaline Double Play (PV) Package,DOUBLE_PLAY_PV
354,4107bf73ad824d7c5bc2a38552cf7f78,SLT Megaline Triple Play Package,TRIPLE_PLAY
355,57789b66b39aed309cd52345e4332cb5,SLT Megaline Triple Play Package,TRIPLE_PLAY
356,80b70e6fe503e9c7217c047df02a5e6e,SLT Megaline Single Play Package,SINGLE_PLAY
357,ad8f924faf85ae394cf5c8b22104ed86,SLT Megaline Triple Play Package,TRIPLE_PLAY
358,4bbe8ca3c653f1923c7e3c141a0d2c25,SLT Megaline Double Play (PV) Package,DOUBLE_PLAY_PV
359,b25295d8e6fce6459039c3b66561c5b6,SLT Megaline Single Play Package,SINGLE_PLAY
360,cd0ae08916a300ed861dca52cc353c4e,SLT Megaline Double Play (PV) Package,DOUBLE_PLAY_PV
361,d9fe6496b337dbdaca2e70b71dd55898,SLT Megaline Triple Play Package,TRIPLE_PLAY
362,7e0b0815f384bb3dde945ba3cb0042b5,SLT Megaline Single Play Package,SINGLE_PLAY
363,24bfbfaec2e2087b143006a0d8821a07,SLT Megaline Triple Play Package,TRIPLE_PLAY
364,645cf7e68ab398d3eb966f1f6b7143b6,SLT Megaline Single Play Package,SINGLE_PLAY
365,fc1a1fe57837b41d1d9ad2eac3f55cf9,SLT Megaline Triple Play Package,TRIPLE_PLAY
366,0f4a5e369a4420219964435ae58f5489,SLT Megaline Triple Play Package,TRIPLE_PLAY
367,e7b4ee1ad9be3dade2847c958e20e868,SLT Megaline Triple Play Package,TRIPLE_PLAY
368,a35085cf86760ebfd4f77df1d67441f3,SLT Megaline Double Play (PV) Package,DOUBLE_PLAY_PV
369,79e8b73d71bf5f250c4bada72e0adee0,SLT Megaline Triple Play Package,TRIPLE_PLAY
370,c689edeb7bb9db36383f01bada12ecce,SLT Megaline Double Play (BV) Package,DOUBLE_PLAY_BV
371,c5135ccb84c3da8fee67c378205cfdcc,SLT Megaline Single Play Package,SINGLE_PLAY
372,0fc402a5a32a7f6adb52268707e1597d,SLT Megaline Triple Play Package,TRIPLE_PLAY
373,12ea329f03483613d87fa70ab4018232,SLT Megaline Single Play Package,SINGLE_PLAY
374,4a57fe5bd1b4bd448cb092c2492152cb,SLT Megaline Triple Play Package,TRIPLE_PLAY
375,0ca46f4e89d566fb321592c90fa5f302,SLT Megaline Double Play (PV) Package,DOUBLE_PLAY_PV
376,3e30968d89f888aeed2d32c14bbd91ba,SLT Megaline Single Play Package,SINGLE_PLAY
377,798ef28b37f853e4ac46257f28f15b44,SLT Megaline Triple Play Package,TRIPLE_PLAY
378,64acd4e717db67ee3d461dd2f2548731,SLT Megaline Single Play Package,SINGLE_PLAY
379,67a2a166edc24b4f6777db254dd50503,SLT Megaline Double Play (BV) Package,DOUBLE_PLAY_BV
380,6ee53e0b07497dcb85ec213dbcc09b8c,SLT Megaline Triple Play Package,TRIPLE_PLAY
381,c4b3d2beb32b7b06d5c0c639cca5dd46,SLT Megaline Triple Play Package,TRIPLE_PLAY
382,fb41317113bf3a89a2bd394a4dec7ba3,SLT Megaline Triple Play Package,TRIPLE_PLAY
383,5fe6167e991cf9e66f99d5e65b725fa1,SLT Smartline Double Play (PV),DOUBLE_PLAY_PV
384,4526ea057a7e9eda60fdf31c1b54f84a,SLT Megaline Triple Play Package,TRIPLE_PLAY
385,3a525bd045baa04a397409dae0cdebe0,SLT Megaline Triple Play Package,TRIPLE_PLAY
386,e56fdc924d8da3d53202f39e1440d6e8,SLT Megaline Triple Play Package,TRIPLE_PLAY
387,2edb9a80d77870446fbc687e8c1aac11,SLT Megaline Double Play (PV) Package,DOUBLE_PLAY_PV
388,f941d31662bd7751dbb9677a06b71899,SLT Megaline Double Play (PV) Package,DOUBLE_PLAY_PV
389,187c4f85fd7786ee9f2f0612ef53d2ca,SLT Megaline Single Play Package,SINGLE_PLAY
390,9fb15a37e248fce31c7d0ed98aaaaaf1,SLT Megaline Double Play (PV) Package,DOUBLE_PLAY_PV
391,cc7d16b0e029443d0fadd6c2b903b546,SLT Megaline Triple Play Package,TRIPLE_PLAY
392,1f94d46ef3f01af42a42dadaaf9163ae,SLT Megaline Single Play Package,SINGLE_PLAY
393,6bf0304d07d92ed2d0b1bf295c85e375,SLT Megaline Triple Play Package,TRIPLE_PLAY
394,c62e5676e12c35c55c8a400cb47c7341,SLT Megaline Triple Play Package,TRIPLE_PLAY
395,47cd867e6b0b270d4c6b928319313ccb,SLT Megaline Double Play (BV) Package,DOUBLE_PLAY_BV
396,7372b9c4d9cc4f325546a02e33d1571d,SLT Megaline Double Play (BV) Package,DOUBLE_PLAY_BV
397,277fddf52dbbf55506a09f6b71c1eeda,SLT Megaline Triple Play Package,TRIPLE_PLAY
398,262cb0e65c8c25018182a7299bfd5e5c,SLT Megaline Double Play (BV) Package,DOUBLE_PLAY_BV
399,c60b265895c30bb00c5884af76107a1c,SLT Megaline Double Play (PV) Package,DOUBLE_PLAY_PV
400,744f89fe5b7b4f24c1b554988ae92227,SLT Megaline Triple Play Package,TRIPLE_PLAY
401,0583985434022e9ec3311a060311f3c1,SLT Megaline Double Play (PV) Package,DOUBLE_PLAY_PV
402,2eca1f684f6a5d6037f9f76c3e291324,SLT Megaline Triple Play Package,TRIPLE_PLAY
403,2afa97ddcc2c4ce753252b909f00d884,SLT Megaline Double Play (PV) Package,DOUBLE_PLAY_PV
404,d1de331efccb97becd19f12d17774a7a,SLT Megaline Double Play (PV) Package,DOUBLE_PLAY_PV
405,c15d8cad2d553faa46364993b5f89703,SLT Megaline Triple Play Package,TRIPLE_PLAY
406,da3cd0dc887145ec4322de4c564f530a,SLT Megaline Single Play Package,SINGLE_PLAY
407,6b0a52c309b2ba6e02c5372429f09a8c,SLT Megaline Single Play Package,SINGLE_PLAY
408,fc9719502e9464ed87e6475a49f9666e,SLT Megaline Triple Play Package,TRIPLE_PLAY
409,fea406eb917dcb3f3e93fec553e5d897,SLT Megaline Double Play (PV) Package,DOUBLE_PLAY_PV
410,c5c3d6ae9227ddd0f3bd967976d42974,SLT Megaline Double Play (BV) Package,DOUBLE_PLAY_BV
411,c7c5bdd3b8d6748a15006eedb6d7e72f,SLT Megaline Single Play Package,SINGLE_PLAY
412,795049de5385a6e45d0d2138794957b8,SLT Megaline Triple Play Package,TRIPLE_PLAY
413,8ed116a28f5d668d8d7952928370da03,SLT Megaline Triple Play Package,TRIPLE_PLAY
414,23741a69b17a577596aee375524a32ba,SLT Megaline Triple Play Package,TRIPLE_PLAY
415,e8e61689501241942130daf44a15824a,SLT Megaline Triple Play Package,TRIPLE_PLAY
416,a53af810d4e01c43addb4943d01565de,SLT Megaline Triple Play Package,TRIPLE_PLAY
417,f6210f80c6b30c94b85c262953751f85,SLT Megaline Single Play Package,SINGLE_PLAY
418,d0e0df685d7644db08fc90e6ac6c0d22,SLT Megaline Double Play (BV) Package,DOUBLE_PLAY_BV
419,48e7141a8b7601f2c6ea8c5f93bea6a6,SLT Megaline Triple Play Package,TRIPLE_PLAY
420,ff419294738cd6d4259861c10653cf17,SLT Megaline Triple Play Package,TRIPLE_PLAY
421,ace109b9aef5883c1de251c5f8222cbc,SLT Megaline Triple Play Package,TRIPLE_PLAY
422,9674bda79aa3b2ee891cb4c9def94bcb,SLT Megaline Single Play Package,SINGLE_PLAY
423,9eab2b32547a9e2edd911cef2df84deb,SLT Megaline Single Play Package,SINGLE_PLAY
424,6a1fd0b95a2dfc30d773843a67568ca8,SLT Megaline Single Play Package,SINGLE_PLAY
425,d5b3f685fee264650b3de22f2bef0023,SLT Megaline Double Play (BV) Package,DOUBLE_PLAY_BV
426,e02f3f177fd01091dda7751660396604,SLT Megaline Triple Play Package,TRIPLE_PLAY
427,0ba9e27d81ca177d741da15c29dfdfb8,SLT Megaline Single Play Package,SINGLE_PLAY
428,5012580e4e22ef4a34c514164caf9ea7,SLT Megaline Single Play Package,SINGLE_PLAY
429,a08a08036982cd3eceecf156e8aabd30,SLT Megaline Double Play (PV) Package,DOUBLE_PLAY_PV
430,68d92287a957483655e88cea5993d015,SLT Megaline Double Play (PV) Package,DOUBLE_PLAY_PV
431,485ee8b61be97f3054ff23f8a8b58d15,SLT Megaline Triple Play Package,TRIPLE_PLAY
432,25d1913bedab726f1a52f6df23e11677,SLT Megaline Double Play (PV) Package,DOUBLE_PLAY_PV
433,5ecc5dced9ea163b340fae6c48b9128c,SLT Megaline Triple Play Package,TRIPLE_PLAY
434,a484335bcfe2f49bde1a4d5db40af58b,SLT Megaline Single Play Package,SINGLE_PLAY
435,b7cf97ae8a792320427a34c17e387985,SLT Megaline Single Play Package,SINGLE_PLAY
436,be57dd52a72846ff4d4a505373698f0b,SLT Megaline Triple Play Package,TRIPLE_PLAY
437,050fdbb3512b12800826659f16b55eb5,SLT Megaline Double Play (PV) Package,DOUBLE_PLAY_PV
438,1cf3f313f1060c69dfe814a0e8124f18,SLT Megaline Double Play (PV) Package,DOUBLE_PLAY_PV
439,84d97bf4fde458c9cfd8fd25a41e5d63,SLT Megaline Triple Play Package,TRIPLE_PLAY
440,aad79b4ae775ceb86abc5483fa5d2fa5,SLT Megaline Double Play (PV) Package,DOUBLE_PLAY_PV
441,51bd172769e6144ae4ade7ffe95cc8d9,SLT Megaline Double Play (BV) Package,DOUBLE_PLAY_BV
442,32e55deb720baed33e5f03a2edae6039,SLT Megaline Double Play (PV) Package,DOUBLE_PLAY_PV
443,770413b5ca4e9f17b8452e7f9091dfea,SLT Megaline Triple Play Package,TRIPLE_PLAY
444,759deb22d66cc71e3bf61207dcd43193,SLT Megaline Single Play Package,SINGLE_PLAY
445,0009e7e4d940c2a539b89342af07e7f1,SLT Megaline Triple Play Package,TRIPLE_PLAY
446,d95fa65324a7972dcb319e98a2cb05c1,SLT Megaline Double Play (BV) Package,DOUBLE_PLAY_BV
447,41d2c3d7ffdefd4cdfb8227b52bdc37f,SLT Megaline Triple Play Package,TRIPLE_PLAY
448,75ff3a8340bc095f7dec5163742e5365,SLT Megaline Double Play (BV) Package,DOUBLE_PLAY_BV
449,84036bebf40d73012edfc4f9daf5744e,SLT Megaline Double Play (BV) Package,DOUBLE_PLAY_BV
450,8dbc8345735195f121a5eadbeabcc1d5,SLT Megaline Double Play (PV) Package,DOUBLE_PLAY_PV
451,ca9236df85255ab0a727a7fbe8406b2b,SLT Megaline Triple Play Package,TRIPLE_PLAY
452,210b73b2c3bd98801013ecad7ceae9ec,SLT Megaline Triple Play Package,TRIPLE_PLAY
453,db5dc085aa4b36d01ab6a9a713b08f20,SLT Megaline Double Play (PV) Package,DOUBLE_PLAY_PV
454,57f55072e8e8882f3063e0b4504591ad,SLT Megaline Double Play (PV) Package,DOUBLE_PLAY_PV
455,46cadcce5c7e44bc3a9127081046e555,SLT Megaline Triple Play Package,TRIPLE_PLAY
456,211bbb4246a7e424fe036570c28e89bd,SLT Megaline Double Play (PV) Package,DOUBLE_PLAY_PV
457,ab5ed170f4514147ffcf947d02c4e8c7,SLT Megaline Double Play (PV) Package,DOUBLE_PLAY_PV
458,44a05066a386aca538735efe29547c9a,SLT Megaline Single Play Package,SINGLE_PLAY
459,906c300626a8c54959f953b386220d55,SLT Megaline Triple Play Package,TRIPLE_PLAY
460,925b01a4a4a98e1b98df2fda93970898,SLT Megaline Single Play Package,SINGLE_PLAY
461,36e98a9d14f6461a470134a8f2cea2c6,SLT Megaline Triple Play Package,TRIPLE_PLAY
462,ccaea3a18f595dbcc3c88fa117e53d75,SLT Megaline Triple Play Package,TRIPLE_PLAY
463,8309de124c2ce8380f418caff24d09a1,SLT Megaline Triple Play Package,TRIPLE_PLAY
464,a334cd6d3643331a3aaeea0195f6ba2c,SLT Megaline Single Play Package,SINGLE_PLAY
465,cc4e44ad4e401a097fb2bf6926383cca,SLT Megaline Single Play Package,SINGLE_PLAY
466,c36103290f3890c2696a001efe6b9808,SLT Megaline Triple Play Package,TRIPLE_PLAY
467,95840ab47d8573f6937789f7be10228b,SLT Megaline Single Play Package,SINGLE_PLAY
468,8d4cca83c3240e917a7f1b1382f563c6,SLT Megaline Double Play (PV) Package,DOUBLE_PLAY_PV
469,fbd3834ec91fabdf8bf3f0b0d4962362,SLT Megaline Double Play (BV) Package,DOUBLE_PLAY_BV
470,dc89c97abbdbf84f7e6522267fa0650a,SLT Megaline Single Play Package,SINGLE_PLAY
471,fabed8db8c40977629950510df531582,SLT Megaline Single Play Package,SINGLE_PLAY
472,8d8472d39b270801553f2d5e7c06fe22,SLT Megaline Double Play (BV) Package,DOUBLE_PLAY_BV
473,ab5f9186fefae73c572cf322d5f48d8d,SLT Megaline Triple Play Package,TRIPLE_PLAY
474,d618db96565eb68521ca0c6f8d501996,SLT Megaline Double Play (PV) Package,DOUBLE_PLAY_PV
475,258c0817bf2983a3b0979e58c18db8ef,SLT Megaline Double Play (BV) Package,DOUBLE_PLAY_BV
476,130f8b3e4d3060de58e2daaa2edd168e,SLT Megaline Single Play Package,SINGLE_PLAY
477,3bc61b93cea92e9c79c8eb1a07f8c5c5,SLT Megaline Triple Play Package,TRIPLE_PLAY
478,638c37ebe024d545558ad403d83622ad,SLT Megaline Single Play Package,SINGLE_PLAY
479,285fd3fdedeed786815c2e02baad3d84,SLT Megaline Single Play Package,SINGLE_PLAY
480,7316f319b7165c774f3cf89a8534bc48,SLT Megaline Single Play Package,SINGLE_PLAY
481,822f5f61a25cdbedef1fbd6c8c5ee7e2,SLT Megaline Double Play (PV) Package,DOUBLE_PLAY_PV
482,24e084c6291bdfe81bf338f9e8494fc4,SLT Megaline Single Play Package,SINGLE_PLAY
483,365e4d4f6d27f2618dcc8b09eab41d92,SLT Megaline Double Play (BV) Package,DOUBLE_PLAY_BV
484,f8f6f162438d2d1a4d0987cabe2b545b,SLT Megaline Double Play (BV) Package,DOUBLE_PLAY_BV
485,54acd494a4584900b8f752d902929acc,SLT Megaline Single Play Package,SINGLE_PLAY
486,bf335a59ec98040aff50c0e6d03010ce,SLT Megaline Triple Play Package,TRIPLE_PLAY
487,be52ddd5468c090290d181df89e11b84,SLT Megaline Double Play (PV) Package,DOUBLE_PLAY_PV
488,495df5121088ee1c479289e9ea749d09,SLT Megaline Triple Play Package,TRIPLE_PLAY
489,e837ae443b97bb7f10f2c95e31ae6301,SLT Megaline Triple Play Package,TRIPLE_PLAY
490,e2fd6d1821fc9c9f84bfbc76f8fb12bf,SLT Megaline Double Play (PV) Package,DOUBLE_PLAY_PV
491,7fb2598eca3d5c5caba61ddd42170c44,SLT Megaline Single Play Package,SINGLE_PLAY
492,1e317134b50ea5043ebdc3f75d1cde8d,SLT Megaline Triple Play Package,TRIPLE_PLAY
493,322fe107e69d675e78870f1cf45427f2,SLT Megaline Double Play (PV) Package,DOUBLE_PLAY_PV
494,1de45e01b15402039be2939699565077,SLT Megaline Single Play Package,SINGLE_PLAY
495,335ad0977174a6b25d969a808106263b,SLT Megaline Triple Play Package,TRIPLE_PLAY
496,7bd287b57d25bc3ef9c682b700969519,SLT Megaline Double Play (BV) Package,DOUBLE_PLAY_BV
497,3a240dcd129198ea601e037670f5222e,SLT Megaline Triple Play Package,TRIPLE_PLAY
498,ff088344d91358b98d0c3c956a36afaf,SLT Megaline Triple Play Package,TRIPLE_PLAY
499,1186aaba03e18b3dda89c75d611e8116,SLT Megaline Triple Play Package,TRIPLE_PLAY
500,00092e2fa75ca865f5ffd62247031136,SLT Megaline Triple Play Package,TRIPLE_PLAY
501,6123ee47fb31813857c8e410ded84b8d,SLT Megaline Triple Play Package,TRIPLE_PLAY
502,234570b40795d193a02382f855fed7d2,SLT Megaline Triple Play Package,TRIPLE_PLAY
503,21608b12b164b9b6a8725f1d1e7dbb21,SLT Megaline Single Play Package,SINGLE_PLAY
504,439a57bb967c988af3902e8454d634a1,SLT Megaline Triple Play Package,TRIPLE_PLAY
505,84641995666e6e89f0999c9b30e0126e,SLT Megaline Double Play (PV) Package,DOUBLE_PLAY_PV
506,5bce7e5f4bd3639566ba38db29e8ba01,SLT Megaline Double Play (BV) Package,DOUBLE_PLAY_BV
507,13da2acd177eb3f6666b22201f00f7f1,SLT Megaline Triple Play Package,TRIPLE_PLAY
508,37242ebf9b1846f8f0f09a7f65bc70f9,SLT Megaline Triple Play Package,TRIPLE_PLAY
509,47d3bf8a16a965d3dd70df42c0b578fe,SLT Megaline Double Play (BV) Package,DOUBLE_PLAY_BV
510,76e4e73e1ab2d2e796b7e3cf560e9abb,SLT Megaline Double Play (PV) Package,DOUBLE_PLAY_PV
511,b50c0faf09dbdd8a2892a6c0ede7e050,SLT Megaline Double Play (PV) Package,DOUBLE_PLAY_PV
512,da9ee087c8bdffcd4be9eee311f84d92,SLT Megaline Triple Play Package,TRIPLE_PLAY
513,7c37f6e1e703c5357050137fa2d39fa1,SLT Megaline Single Play Package,SINGLE_PLAY
514,b3fe687c13d317ad6ce38389528d8216,SLT Megaline Single Play Package,SINGLE_PLAY
515,6285c6cb5457c04cd48edc51630a725d,SLT Megaline Double Play (PV) Package,DOUBLE_PLAY_PV
516,437d53cd2cba11d254dbcf4fefd84d4a,SLT Megaline Triple Play Package,TRIPLE_PLAY
517,a39027578c2e56e8e2e44dabd22720df,SLT Megaline Single Play Package,SINGLE_PLAY
518,fa04c725eaa47b6a282c1bc39f421784,SLT Megaline Double Play (BV) Package,DOUBLE_PLAY_BV
519,b027d65390a0c725b9ce41e409f9797e,SLT Megaline Triple Play Package,TRIPLE_PLAY
520,cd3869a45aa97973f70050798f2e673b,SLT Megaline Double Play (PV) Package,DOUBLE_PLAY_PV
521,8cba0f41e453857490dd0d68c305873b,SLT Megaline Double Play (BV) Package,DOUBLE_PLAY_BV
522,c7aef414d3906c18da458f48f65e85fb,SLT Megaline Single Play Package,SINGLE_PLAY
523,c2e5cad50a7f80553eca7afdd0be50c4,SLT Megaline Double Play (BV) Package,DOUBLE_PLAY_BV
524,0ebac55a0548b5a655b64dbcb3805cf9,SLT Megaline Double Play (PV) Package,DOUBLE_PLAY_PV
525,68a184fc6d9d95d6a2dcaead74300888,SLT Megaline Double Play (BV) Package,DOUBLE_PLAY_BV
526,d6227e5508b61294d75c37eb0adb93ac,SLT Megaline Triple Play Package,TRIPLE_PLAY
527,f8a8545878a557e135963c8abcaa4f08,SLT Megaline Double Play (BV) Package,DOUBLE_PLAY_BV
528,4efc4cca6d2430af189003b839d52d35,SLT Megaline Triple Play Package,TRIPLE_PLAY
529,1ff2bd293b3cdb076dc841f4344a7631,SLT Megaline Triple Play Package,TRIPLE_PLAY
530,c8b54b39bd3792cff8fa2019c253ec24,SLT Megaline Triple Play Package,TRIPLE_PLAY
531,9dd0d9e3c972adc25fcc75c2d78de04d,SLT Megaline Double Play (PV) Package,DOUBLE_PLAY_PV
532,02059e815d999bda708149ae263946d3,SLT LTE Double Play Package,DOUBLE_PLAY_BV
533,a229dc313719408d966f78817ae1fda3,SLT Megaline Double Play (PV) Package,DOUBLE_PLAY_PV
534,f22295dcdeb9502825e7d6140bbf8542,SLT Megaline Double Play (PV) Package,DOUBLE_PLAY_PV
535,b4f34497266372d59f9e0e5159a12e1e,SLT Megaline Single Play Package,SINGLE_PLAY
536,a845f9823c58b3c66c0215c776c48f78,SLT Megaline Triple Play Package,TRIPLE_PLAY
537,9de673a9054f96903734db967cf02c50,SLT Megaline Single Play Package,SINGLE_PLAY
538,ee46493800898d63280dbba75cd2e4f1,SLT Megaline Triple Play Package,TRIPLE_PLAY
539,7583ed8b58f2a48e5ffc63839fb005e5,SLT Megaline Double Play (BV) Package,DOUBLE_PLAY_BV
540,ccd1888a715524e2c9a451f602bb9de2,SLT Megaline Triple Play Package,TRIPLE_PLAY
541,18de85ad042723ae2bf9d1bd2d1fa9ea,SLT Megaline Triple Play Package,TRIPLE_PLAY
542,740f826ba978b736a3309c478af79437,SLT Megaline Single Play Package,SINGLE_PLAY
543,35239ac034edc5847f79629629fe9da3,SLT Megaline Single Play Package,SINGLE_PLAY
544,0c0eb84d8f25e215afacda6c60391d99,SLT Megaline Triple Play Package,TRIPLE_PLAY
545,52ee4cf9d270dbe226d4f3c72a27ddff,SLT Megaline Single Play Package,SINGLE_PLAY
546,dad59d28f2519a75b759b8b1068e7361,SLT Megaline Double Play (PV) Package,DOUBLE_PLAY_PV
547,834cd2d82f7a441b66dc8d6f134ad295,SLT Megaline Triple Play Package,TRIPLE_PLAY
548,214cbb1651fa329cf02ef1821fc0e44e,SLT LTE 4G Net Pal Package,4G
549,9efbb906b32f7c895a5d9734d63129ba,SLT Megaline Single Play Package,SINGLE_PLAY
550,537705a5022ad3ebdf57eba23f9df377,SLT Megaline Double Play (PV) Package,DOUBLE_PLAY_PV
551,3cade5ac24a75c2f6f37ec7e692823ea,SLT Megaline Triple Play Package,TRIPLE_PLAY
552,b314900f2972db5c320f3addd1479cec,SLT Megaline Double Play (PV) Package,DOUBLE_PLAY_PV
553,774dc3b83ad4206d606eb9d6e0cd61c0,SLT Smartline Triple Play,TRIPLE_PLAY
554,675212b48e5e52c3e2fa0824022fed75,SLT Megaline Single Play Package,SINGLE_PLAY
555,481d8af2e3250b823a4e1d1e647958ec,SLT Megaline Double Play (PV) Package,DOUBLE_PLAY_PV
556,f7711a3a7dfaf7c84092ba835257b01a,SLT Megaline Double Play (PV) Package,DOUBLE_PLAY_PV
557,5e17e5e9e9ed40a9414df088089dc7a9,SLT Megaline Triple Play Package,TRIPLE_PLAY
558,a99cd4fe68e6eaa5d83b9c2217b38854,SLT Megaline Double Play (PV) Package,DOUBLE_PLAY_PV
559,12d21c77b05d5952636c8bd916380c4f,SLT Megaline Triple Play Package,TRIPLE_PLAY
560,5bacfb2cce2c7b3de15a2a6abed7ab81,SLT Megaline Double Play (BV) Package,DOUBLE_PLAY_BV
561,613c324db0e31fb5a29d185ee43723eb,SLT Megaline Single Play Package,SINGLE_PLAY
562,9e7f0cd8a2ac4e186a5b9a38c8a88454,SLT Megaline Double Play (PV) Package,DOUBLE_PLAY_PV
563,b6790f8c79375d0bd1b4f101f5e9c4cb,SLT Megaline Triple Play Package,TRIPLE_PLAY
564,0f9d00f4d16206b6fbd1a36efd62a22e,SLT Megaline Double Play (BV) Package,DOUBLE_PLAY_BV
565,338a964be497aa3ede3f7a1aa349e33c,SLT Megaline Triple Play Package,TRIPLE_PLAY
566,b300c66c6c153d90b8aef209725157e6,SLT Megaline Single Play Package,SINGLE_PLAY
567,bb8488ef97f9f3ee8cde126452f35f00,SLT Megaline Double Play (BV) Package,DOUBLE_PLAY_BV
568,9bd0cdeb28cda531f1e513f0c8428302,SLT Megaline Double Play (PV) Package,DOUBLE_PLAY_PV
569,1e9ce94bff39a12fb81791da5e46c5d5,SLT Megaline Triple Play Package,TRIPLE_PLAY
570,a3956fbaf37e219115a908adc1e4a0cc,SLT Megaline Triple Play Package,TRIPLE_PLAY
571,3b6e03fb84bdf9399df82986bb1c2665,SLT Megaline Double Play (PV) Package,DOUBLE_PLAY_PV
572,346b01599ae551df899b9cf8cd0a4558,SLT Megaline Single Play Package,SINGLE_PLAY
573,a16e265b659ee82dbded359eb1630985,SLT Megaline Triple Play Package,TRIPLE_PLAY
574,78737a32cb0da26ab8ba4b17bfd890e3,SLT Megaline Single Play Package,SINGLE_PLAY
575,54cb562e369f3dbe7e74f5dbde5268bf,SLT Megaline Triple Play Package,TRIPLE_PLAY
576,0b62edaf6dcd0a22c6006bc5d080f12b,SLT Megaline Triple Play Package,TRIPLE_PLAY
577,ab8c3170ca6610a4880fb33d4eabd8c4,SLT Megaline Triple Play Package,TRIPLE_PLAY
578,d55302a77bc6f5bb5eeaeb32ead3416c,SLT Megaline Single Play Package,SINGLE_PLAY
579,8a1b06b0f08751225d248be27b671fe8,SLT Megaline Triple Play Package,TRIPLE_PLAY
580,15ad0b0f42151f02f190c1231f6288e3,SLT Megaline Triple Play Package,TRIPLE_PLAY
581,9388e2c8ed6300c3c7138defbf5976e6,SLT Megaline Triple Play Package,TRIPLE_PLAY
582,eb79a7c34bcad35a58c7448473ec664f,SLT Megaline Single Play Package,SINGLE_PLAY
583,d4ac2a69589b8102fba8695a72136e25,SLT Megaline Triple Play Package,TRIPLE_PLAY
584,3a4dad085cd6d7c3a3cd2d08066fe72a,SLT Megaline Triple Play Package,TRIPLE_PLAY
585,38a4479af5a3fe49743da6fe9bdac5e7,SLT Megaline Double Play (PV) Package,DOUBLE_PLAY_PV
586,408ac385cbd40553493fe63ab86822dd,SLT Megaline Single Play Package,SINGLE_PLAY
587,ff029c28d1e61dc3fb8d9aba178a6d58,SLT Megaline Single Play Package,SINGLE_PLAY
588,e9ff6fb8c1e7e128041d641cca074f9d,SLT Megaline Single Play Package,SINGLE_PLAY
589,bf90d04dbe6fb5e10f38f7d250f9ce4d,SLT Megaline Single Play Package,SINGLE_PLAY
590,e8014a1ab011edd53fe1d5fda6f5d431,SLT Megaline Double Play (PV) Package,DOUBLE_PLAY_PV
591,5ff292e6a16d2e3987c4bae6235407a0,SLT Megaline Double Play (PV) Package,DOUBLE_PLAY_PV
592,387e51b4318301d87293fee085b09d42,SLT Megaline Triple Play Package,TRIPLE_PLAY
593,62a613f1489781af6178b5e56512a672,SLT Megaline Triple Play Package,TRIPLE_PLAY
594,ee2a1d078dae54446c8b83e33455aa5e,SLT Megaline Triple Play Package,TRIPLE_PLAY
595,4c7a4769273c7a2eb4860a09f6376a70,SLT Megaline Double Play (BV) Package,DOUBLE_PLAY_BV
596,0491e3c0087e2834e21e720a511aee1f,SLT Megaline Double Play (BV) Package,DOUBLE_PLAY_BV
597,3fb47f0196e384c13045d8937d7b8155,SLT Megaline Triple Play Package,TRIPLE_PLAY
598,0b300c8c3361b0a14d02bdd05d475960,SLT Megaline Single Play Package,SINGLE_PLAY
599,5131e46660b2e6899c3435fa2819bd8a,SLT Megaline Double Play (BV) Package,DOUBLE_PLAY_BV
600,37161fef49494cbf67eea792daad122c,SLT Megaline Double Play (PV) Package,DOUBLE_PLAY_PV
601,2eda8f5eed84231508079b78895a75b3,SLT Megaline Double Play (PV) Package,DOUBLE_PLAY_PV
602,32471f4c24b1c46ee06b8f877a763567,SLT Megaline Single Play Package,SINGLE_PLAY
603,f26c1622ff38e4ccdb6e2a4227e58f9b,SLT Megaline Double Play (PV) Package,DOUBLE_PLAY_PV
604,97e071d64029edb8350934d76c91a9af,SLT Megaline Double Play (BV) Package,DOUBLE_PLAY_BV
605,e23215b28fa80f17c43eabd46f0d9520,SLT Megaline Double Play (BV) Package,DOUBLE_PLAY_BV
606,2cb9e4a552bc991bdb5ff576d5caa9e0,SLT Megaline Double Play (PV) Package,DOUBLE_PLAY_PV
607,112a84081ab94398603c14a9dcdc2d88,SLT Megaline Triple Play Package,TRIPLE_PLAY
608,ed639867002bbacf5def49e8767a6888,SLT Megaline Single Play Package,SINGLE_PLAY
609,1376a3581227e3417715bad9dad397eb,SLT Megaline Double Play (PV) Package,DOUBLE_PLAY_PV
610,45617990723c8a9977ebbf5ca914124d,SLT Megaline Triple Play Package,TRIPLE_PLAY
611,ea49013d4875ecf1c1669bc7d709c8e4,SLT Megaline Triple Play Package,TRIPLE_PLAY
612,287cde10ae103ec451caeb0d47b7575c,SLT Megaline Double Play (BV) Package,DOUBLE_PLAY_BV
613,0c6ff6b1a933f33091b63ce71d01d09e,SLT Megaline Single Play Package,SINGLE_PLAY
614,b0634522dd685230a5a7e559e906f5eb,SLT Megaline Single Play Package,SINGLE_PLAY
615,b866a763b1a9c6cf3640a4ffa0ed0adf,SLT Megaline Single Play Package,SINGLE_PLAY
616,04b03917b3a4d5e6ed56b3972e493cc5,SLT Megaline Single Play Package,SINGLE_PLAY
617,b45d9944b826b38d7cd2984260eb8c20,SLT Megaline Triple Play Package,TRIPLE_PLAY
618,4d38f8637a4eae8a8057927a14b0995c,SLT Megaline Single Play Package,SINGLE_PLAY
619,b1a0898571cf71ed8db70b69388ac73d,SLT Megaline Triple Play Package,TRIPLE_PLAY
620,b354ded61d22f07f39418b9697359487,SLT Megaline Double Play (BV) Package,DOUBLE_PLAY_BV
621,110d73a255f797b45e564f32164e646c,SLT Megaline Double Play (PV) Package,DOUBLE_PLAY_PV
622,78363cee8b475322e607e9f24b9d91e9,SLT Megaline Single Play Package,SINGLE_PLAY
623,9f2c1243a9d9f38fef7956939dab1f15,SLT Megaline Single Play Package,SINGLE_PLAY
624,e18253796b08fc1f15f105227f98d5c8,SLT Megaline Single Play Package,SINGLE_PLAY
625,4a53c2f008c7fcb139a7f3b90e2b0f85,SLT Megaline Double Play (PV) Package,DOUBLE_PLAY_PV
626,8d124dacff3f2d2dbb87c21d2bed5397,SLT Megaline Double Play (PV) Package,DOUBLE_PLAY_PV
627,11f7e861a3df964f9872b07b691139f2,SLT Megaline Double Play (BV) Package,DOUBLE_PLAY_BV
628,71b29a52f949407d06b258e56002dc0d,SLT Megaline Single Play Package,SINGLE_PLAY
629,160b645e22de491f8de6f4eb05e208c5,SLT Megaline Double Play (PV) Package,DOUBLE_PLAY_PV
630,eab15fbe09440bdfee1c5d6f46125e77,SLT Megaline Double Play (BV) Package,DOUBLE_PLAY_BV
631,f7314f95d66863e716cf8bb7944f1b1b,SLT Megaline Double Play (PV) Package,DOUBLE_PLAY_PV
632,95ac85c80ab64e565eaeb12a71855f06,SLT Megaline Double Play (PV) Package,DOUBLE_PLAY_PV
633,0cb470354bf2cf0630f75e0e57517935,SLT Megaline Double Play (BV) Package,DOUBLE_PLAY_BV
634,651c6b3fc9842c5c50a8286a9742b4a4,SLT Megaline Triple Play Package,TRIPLE_PLAY
635,4e9c04b57cc90dc92b059a6e050ea020,SLT Megaline Double Play (PV) Package,DOUBLE_PLAY_PV
636,2e78369994264426848cd5b6d377cacf,SLT Megaline Single Play Package,SINGLE_PLAY
637,774872a4ecbaa5802aa50df546707d52,SLT Megaline Single Play Package,SINGLE_PLAY
638,b7e5670d9db6445e987f0cb34a891696,SLT Megaline Double Play (PV) Package,DOUBLE_PLAY_PV
639,fb4664ea50d18d10d7d5045797fa5eb5,SLT Megaline Double Play (PV) Package,DOUBLE_PLAY_PV
640,6cb2da6e8291285316a287a54809c005,SLT Megaline Single Play Package,SINGLE_PLAY
641,fa8047ab41f5196c1351fa672b6379aa,SLT Megaline Double Play (PV) Package,DOUBLE_PLAY_PV
642,3da406d3682d6e70b8246e1276bc485b,SLT Megaline Double Play (PV) Package,DOUBLE_PLAY_PV
643,c11edbc77887f77c14ae115af2d6fbf6,SLT Megaline Double Play (PV) Package,DOUBLE_PLAY_PV
644,af66a61a98c385584e3fccfd8dcc5412,SLT Megaline Single Play Package,SINGLE_PLAY
645,fb2afd5ec06ed2300ff81735dfd672a1,SLT Megaline Single Play Package,SINGLE_PLAY
646,3a832617520f103cb9e599b150f05d42,SLT Megaline Double Play (PV) Package,DOUBLE_PLAY_PV
647,f03ccb39f045b89ed6bc9692cade47a5,SLT Megaline Double Play (BV) Package,DOUBLE_PLAY_BV
648,a4eebc122a8f3dc2b2cd9bf6420cf008,SLT Megaline Double Play (BV) Package,DOUBLE_PLAY_BV
649,e566cdf793634db4f5cb476c20fea46b,SLT Megaline Double Play (PV) Package,DOUBLE_PLAY_PV
650,c71143375d930fc5b584cec62192d1ff,SLT Megaline Single Play Package,SINGLE_PLAY
651,0ee5f78b81c7712241fd67cecdd45263,SLT Megaline Double Play (BV) Package,DOUBLE_PLAY_BV
652,a7001c2630932f43f46ee0552864ecea,SLT Megaline Double Play (PV) Package,DOUBLE_PLAY_PV
653,2e3aeb5561f7a9f02cc4d22b74c98a53,SLT Megaline Triple Play Package,TRIPLE_PLAY
654,cedb4c26d41bd86fa3cb278a42c72db7,SLT Smartline Triple Play,TRIPLE_PLAY
655,ac995bfd837f4a666a36a4684493ec2c,SLT Megaline Double Play (BV) Package,DOUBLE_PLAY_BV
656,0af54aadb6f99ea7dba03d4bba175478,SLT Smartline Triple Play,TRIPLE_PLAY
657,b007a35f204cd5addf917e7c93f14b39,SLT Megaline Double Play (BV) Package,DOUBLE_PLAY_BV
658,106b294d38a869b35ccd8fa33e94a243,SLT Megaline Single Play Package,SINGLE_PLAY
659,d0be7a1c18b3f7d685b7b659010eac9c,SLT Smartline Triple Play,TRIPLE_PLAY
660,47912c9df73d938720ef31292ecfa6f3,SLT Megaline Single Play Package,SINGLE_PLAY
661,dcab884afd6c1a13df78119714e9b76e,SLT Megaline Double Play (BV) Package,DOUBLE_PLAY_BV
662,6413b9089fac8e9fe57584011092c8d7,SLT Megaline Single Play Package,SINGLE_PLAY
663,eefbb94b21717895e030be214a81e443,SLT Megaline Triple Play Package,TRIPLE_PLAY
664,48207f80ed842b0e0d20712396b1efdc,SLT Megaline Double Play (PV) Package,DOUBLE_PLAY_PV
665,0f5c5d6e6c637794c808654766b5cfe0,SLT Megaline Single Play Package,SINGLE_PLAY
666,226bcbf5205f654ced1b49cb2b5a6aa2,SLT Megaline Triple Play Package,TRIPLE_PLAY
667,ffc751bb5812fb7f262917605876f78a,SLT Megaline Double Play (BV) Package,DOUBLE_PLAY_BV
668,c9c9f30930cd24d2cac0d29a4bd7cf76,SLT Megaline Single Play Package,SINGLE_PLAY
669,c88bba576162e8694ea520e0c7093ca3,SLT Megaline Single Play Package,SINGLE_PLAY
670,9bb279511f001fb301fd7497ab94df06,SLT Megaline Double Play (BV) Package,DOUBLE_PLAY_BV
671,836d8d893b765caea3f6763e947091c2,SLT Megaline Double Play (PV) Package,DOUBLE_PLAY_PV
672,21aaf0944bbc5257be10717f97c38c18,SLT Megaline Double Play (PV) Package,DOUBLE_PLAY_PV
673,8861e7def8227eec15e3c2490e79463f,SLT Megaline Single Play Package,SINGLE_PLAY
674,520731cdbf3d3cfa310b14d2b11604f6,SLT Megaline Single Play Package,SINGLE_PLAY
675,949e14e85d36002ffb954d42d3366936,SLT Megaline Triple Play Package,TRIPLE_PLAY
676,a9c24ac1c87f8677a4dbe304c88054aa,SLT Megaline Single Play Package,SINGLE_PLAY
677,15b24f10e3afc6f4be0c431b2d17392e,SLT Megaline Double Play (PV) Package,DOUBLE_PLAY_PV
678,c0b88f54fae3e1f6c28ce2a74776017b,SLT Megaline Double Play (PV) Package,DOUBLE_PLAY_PV
679,34128431ac0b3f55a6c31140e6d9a06e,SLT Megaline Double Play (PV) Package,DOUBLE_PLAY_PV
680,e097876f3df0b8d25ad31abb94ac6888,SLT Megaline Double Play (BV) Package,DOUBLE_PLAY_BV
681,fc7024e855a03603472e20244eadba00,SLT Megaline Single Play Package,SINGLE_PLAY
682,a4d0c21aaa290fefe6ae3f987e086bab,SLT Smartline Triple Play,TRIPLE_PLAY
683,a88cf429a820eb62f5859ad4369dd728,SLT Megaline Double Play (PV) Package,DOUBLE_PLAY_PV
684,05968c6264decf938afda7899ba03f8b,SLT Megaline Double Play (PV) Package,DOUBLE_PLAY_PV
685,552817c6f14cdd90e1174aa40355dd89,SLT Megaline Single Play Package,SINGLE_PLAY
686,52fdf5e4239da1d7c06a258bc00bbc06,SLT Megaline Double Play (BV) Package,DOUBLE_PLAY_BV
687,c2c5ee6c4e406de7e9ea6e9078ec7564,SLT Megaline Single Play Package,SINGLE_PLAY
688,0e38de5cf58107d67d45bd1711957ce7,SLT Megaline Single Play Package,SINGLE_PLAY
689,31f61faadf026ebd5d89be8d332d3113,SLT Megaline Double Play (BV) Package,DOUBLE_PLAY_BV
690,dd5253ea4772b427cc0e87ff6535b058,SLT Megaline Double Play (BV) Package,DOUBLE_PLAY_BV
691,b900dab55566225db39aa8bef291578b,SLT Megaline Triple Play Package,TRIPLE_PLAY
692,d71a576e4da944cfc2d7ab5fadcf86c5,SLT Megaline Double Play (PV) Package,DOUBLE_PLAY_PV
693,96547306b2ad8402a439a76713cd3561,SLT Megaline Triple Play Package,TRIPLE_PLAY
694,dbee812ebc15f6c8a1357521f5fdda46,SLT Megaline Triple Play Package,TRIPLE_PLAY
695,bd1c0413b8ee92da3ec5ffef9515e849,SLT Megaline Double Play (PV) Package,DOUBLE_PLAY_PV
696,96400f9bf6cb83bcba6d2765d0591c6b,SLT Megaline Single Play Package,SINGLE_PLAY
697,20fc09387c11895490ee4d08bb2502d9,SLT Megaline Triple Play Package,TRIPLE_PLAY
698,ff98ca51d1c83549f22f957b7de68815,SLT Megaline Double Play (PV) Package,DOUBLE_PLAY_PV
699,4c535a8e5f730c40e1abe423e0fcd77f,SLT Megaline Double Play (BV) Package,DOUBLE_PLAY_BV
700,c3b10e6cfe7e5bd2bd9659dce5b01333,SLT Megaline Single Play Package,SINGLE_PLAY
701,c0e7f82547630ebd7d485c76e8701397,SLT Megaline Triple Play Package,TRIPLE_PLAY
702,36d32cfed00a3d6f04d7dad2af01f070,SLT Megaline Double Play (PV) Package,DOUBLE_PLAY_PV
703,8555642c235ef89ed91cc4c1328f686d,SLT Megaline Triple Play Package,TRIPLE_PLAY
704,164a6c18fef9d5bcaa2dad8f15ff065f,SLT Megaline Triple Play Package,TRIPLE_PLAY
705,c1f7231654c3734a0aa8697eb0b54642,SLT Megaline Triple Play Package,TRIPLE_PLAY
706,a238dd748e5d90ce48d2ece6f1e5349e,SLT Megaline Single Play Package,SINGLE_PLAY
707,a1e2b9c2faf456eece4bb507dd044fcd,SLT Megaline Double Play (BV) Package,DOUBLE_PLAY_BV
708,d6ac58a33580a04f7c8f98e23c0952a8,SLT Megaline Triple Play Package,TRIPLE_PLAY
709,44224bc1e2e7101c90bbad70dbcc5a6c,SLT Megaline Double Play (BV) Package,DOUBLE_PLAY_BV
710,25b2c30f24bbd86d7cca43e006f521fa,SLT Megaline Triple Play Package,TRIPLE_PLAY
711,27bbce92ceb4c834627d45d4b1f49db8,SLT Megaline Triple Play Package,TRIPLE_PLAY
712,371596421dcb6e85b01a65c847022139,SLT Megaline Triple Play Package,TRIPLE_PLAY
713,8e725d0d2061163d8b1e8b1e4ee50af1,SLT Megaline Double Play (PV) Package,DOUBLE_PLAY_PV
714,809e2607f6d98250b331f94070007001,SLT Megaline Single Play Package,SINGLE_PLAY
715,bb57e0928c585a797e231c828d41fd28,SLT Smartline Triple Play,TRIPLE_PLAY
716,511d783a0c9fb3a1a53232bfb501e0fa,SLT Megaline Double Play (BV) Package,DOUBLE_PLAY_BV
717,b6d242ed579dd0b5996d0dda63fb53e2,SLT Megaline Triple Play Package,TRIPLE_PLAY
718,e0f4d836dfa18fa4f0019135fee3afe6,SLT Megaline Triple Play Package,TRIPLE_PLAY
719,a83e327de376bc67fcc6bfa333dd966f,SLT Megaline Double Play (PV) Package,DOUBLE_PLAY_PV
720,f53c729fa6b9ce93c6b4bb190efe41b3,SLT Megaline Double Play (PV) Package,DOUBLE_PLAY_PV
721,995843835249d62d1a6e247a9a10d1b9,SLT Megaline Single Play Package,SINGLE_PLAY
722,946df27148c1624a36c82eeb835ac76e,SLT Megaline Single Play Package,SINGLE_PLAY
723,6b965152170bd6f4f6599d400ea125d9,SLT Megaline Double Play (PV) Package,DOUBLE_PLAY_PV
724,07cd6e4581f24168de8a6a6286c61e4c,SLT Megaline Double Play (PV) Package,DOUBLE_PLAY_PV
725,3cec49dbfa55280f597e71096f17a579,SLT Megaline Single Play Package,SINGLE_PLAY
726,ee6763f41388b8338a5623b9ac717354,SLT Megaline Double Play (PV) Package,DOUBLE_PLAY_PV
727,dbee92f5b3f3d6bd915438379b06dd1a,SLT Megaline Double Play (PV) Package,DOUBLE_PLAY_PV
728,16f2a9ef9a93dd6f1a36dce7aee689b1,SLT Megaline Single Play Package,SINGLE_PLAY
729,b4969a0805389109dd1fd025da703ba9,SLT Megaline Double Play (BV) Package,DOUBLE_PLAY_BV
730,73be49dc0b94ec282b0c13e9bb71c83f,SLT Megaline Triple Play Package,TRIPLE_PLAY
731,65fec9014f86ce619bb80bb8f87d8c08,SLT Megaline Double Play (PV) Package,DOUBLE_PLAY_PV
732,58731d05cb1202eee96142ae3c43185d,SLT Megaline Double Play (BV) Package,DOUBLE_PLAY_BV
733,73f9aeff86dd84763541b2169d106a3c,SLT Megaline Single Play Package,SINGLE_PLAY
734,87ebb0f06e92b5787a734028a9b902b6,SLT Megaline Single Play Package,SINGLE_PLAY
735,bdc48f80b14487645959ffcc905ed293,SLT Megaline Single Play Package,SINGLE_PLAY
736,08bb7407e5239757dc56b8d80c2567d0,SLT Megaline Double Play (BV) Package,DOUBLE_PLAY_BV
737,565bf02e5eee7b425b8e98f6b255c4dd,SLT Megaline Single Play Package,SINGLE_PLAY
738,261e9e1143f277ef9b522244662b3af3,SLT Megaline Single Play Package,SINGLE_PLAY
739,ccd1966ef9b6bc434e4eb2eb38512d43,SLT Megaline Double Play (BV) Package,DOUBLE_PLAY_BV
740,6b0ffe094f45db2000e3dab12e3b32fe,SLT Megaline Double Play (PV) Package,DOUBLE_PLAY_PV
741,9886d2e4e61e33d0a4388667c7bfc68c,SLT Megaline Double Play (BV) Package,DOUBLE_PLAY_BV
742,9d864b095206cfd708f13e9c72bd421d,SLT Megaline Single Play Package,SINGLE_PLAY
743,c7b9fb35ba19b7d5931a58bf1ffa4fa2,SLT Megaline Double Play (PV) Package,DOUBLE_PLAY_PV
744,5874c6d4d73afba94f9734d7b6a04797,SLT Megaline Double Play (PV) Package,DOUBLE_PLAY_PV
745,cfe8c9925d61473ddd6eb3232a46b24a,SLT Megaline Single Play Package,SINGLE_PLAY
746,7e79e6aa74fc5842f3cdfc8aecee0bf1,SLT Megaline Double Play (PV) Package,DOUBLE_PLAY_PV
747,600ce8498452ee1d9fb2c62784aeecdf,SLT Megaline Double Play (PV) Package,DOUBLE_PLAY_PV
748,01f29baefa8fabbd7351cc8260f56323,SLT Megaline Double Play (PV) Package,DOUBLE_PLAY_PV
749,0461afe42861face4d95019ba70634b0,SLT Megaline Double Play (PV) Package,DOUBLE_PLAY_PV
750,34b25283e1f52eb091eda702be6498b3,SLT Megaline Double Play (BV) Package,DOUBLE_PLAY_BV
751,4a15030d4e88c1314384ead689929f73,SLT Megaline Double Play (PV) Package,DOUBLE_PLAY_PV
752,83041b23b6ad1c70326076d1210fa761,SLT Megaline Double Play (BV) Package,DOUBLE_PLAY_BV
753,9f66b173f3d7d7b34f6f0d3de6d02a2e,SLT Megaline Triple Play Package,TRIPLE_PLAY
754,1cca6a8545b413f559cb2150db1e60d4,SLT Megaline Double Play (PV) Package,DOUBLE_PLAY_PV
755,bd0cc5e96b24df6625fc68cbaf71b555,SLT Megaline Double Play (BV) Package,DOUBLE_PLAY_BV
756,cc88c49f580c13600e99dfd9920d05e9,SLT Megaline Double Play (BV) Package,DOUBLE_PLAY_BV
757,06623c7ba64331f615ff83c5664b71bb,SLT Megaline Double Play (BV) Package,DOUBLE_PLAY_BV
758,5cedf96edfc7db66c38050881ba3edf0,SLT Megaline Triple Play Package,TRIPLE_PLAY
759,472622f1efa002f13af9ffbbea33a16b,SLT Megaline Double Play (PV) Package,DOUBLE_PLAY_PV
760,26ad26a2b6f5e4f46a248a7043ba190c,SLT Megaline Single Play Package,SINGLE_PLAY
761,59322724d5029e5667d19ae164cdc16d,SLT Megaline Double Play (PV) Package,DOUBLE_PLAY_PV
762,7aa8c0a144b14c0d37d9b50e420c4773,SLT Megaline Triple Play Package,TRIPLE_PLAY
763,2c98d4759ee2eca3f2d966be8739c1fa,SLT Megaline Triple Play Package,TRIPLE_PLAY
764,1b90f00af43142138b9b33bb1cbf00dd,SLT Megaline Single Play Package,SINGLE_PLAY
765,5dca0a71aafae66d0aa373f80d97edeb,SLT Megaline Triple Play Package,TRIPLE_PLAY
766,3c51761a6fb0afadf335a01400591b19,SLT Megaline Double Play (PV) Package,DOUBLE_PLAY_PV
767,0e1fe0d01f3a2e9619999a1a634ec427,SLT Megaline Double Play (PV) Package,DOUBLE_PLAY_PV
