,ACCOUNT_NUM.hash,Sub_Update_Date,Sub_Update_Status,Sub_Update
0,59322724d5029e5667d19ae164cdc16d,26/06/2020 15:24:00,Promotion Upgrade,SINGLE_PLAY -> DOUBLE_PLAY_PV
1,719f2691cdcfa7bf910e12d8ed681430,22/06/2020 10:59:00,Promotion Upgrade,DOUBLE_PLAY_PV -> TRIPLE_PLAY
2,0e1fe0d01f3a2e9619999a1a634ec427,29/07/2020 20:03:17,Promotion Upgrade,SINGLE_PLAY -> DOUBLE_PLAY_PV
3,3c1fb4f1735abdecb81d29a5e14bad63,22/06/2020 13:20:00,Promotion Downgrade,DOUBLE_PLAY_BV -> SINGLE_PLAY
4,06623c7ba64331f615ff83c5664b71bb,24/06/2020 08:27:00,Promotion Upgrade,SINGLE_PLAY -> DOUBLE_PLAY_BV
5,0461afe42861face4d95019ba70634b0,23/06/2020 13:49:00,Promotion Upgrade,DOUBLE_PLAY_PV -> TRIPLE_PLAY
6,9f95d9c107a917925ad9cee2d99725ac,25/06/2020 18:06:00,Promotion Upgrade,DOUBLE_PLAY_PV -> TRIPLE_PLAY
7,f64edbf9398b281de0b4a75c6022e724,24/06/2020 09:40:00,Promotion Downgrade,DOUBLE_PLAY_BV -> SINGLE_PLAY
8,c4cdbf78ef3d51bc7877a0ad444bd245,24/06/2020 14:21:00,Promotion Upgrade,DOUBLE_PLAY_PV -> TRIPLE_PLAY
9,f4152db354915a1199a30502f58c4f35,25/06/2020 10:03:06,Promotion Downgrade,TRIPLE_PLAY -> DOUBLE_PLAY_PV
10,885bc2d0556727f8b6ee192af12dbbf7,23/07/2020 11:57:00,Promotion Upgrade,DOUBLE_PLAY_PV -> TRIPLE_PLAY
11,6d431382e652af97c903f62fbcfec84d,25/06/2020 17:45:00,Promotion Downgrade,TRIPLE_PLAY -> DOUBLE_PLAY_PV
12,89afaa4be5b953a550ad22952f626563,25/06/2020 18:04:00,Promotion Upgrade,DOUBLE_PLAY_PV -> TRIPLE_PLAY
13,e4ab5d787687a66e1ca4b77aa74f78e9,26/06/2020 09:38:00,Promotion Downgrade,DOUBLE_PLAY_BV -> SINGLE_PLAY
14,2c577d1e0da92022e77f38ed0248c612,02/07/2020 08:19:00,Promotion Upgrade,DOUBLE_PLAY_BV -> TRIPLE_PLAY
15,b9e4c77d0491ea8246e18cebe7531619,27/06/2020 15:59:00,Promotion Downgrade,TRIPLE_PLAY -> DOUBLE_PLAY_PV
16,bd0cc5e96b24df6625fc68cbaf71b555,29/06/2020 11:32:00,Promotion Upgrade,SINGLE_PLAY -> DOUBLE_PLAY_BV
17,826604f55792074aee2537040d82ff5e,30/06/2020 07:50:21,Promotion Downgrade,TRIPLE_PLAY -> DOUBLE_PLAY_BV
18,2da5a522f5b0c6a0a94832625753b0d8,22/07/2020 17:39:00,Promotion Downgrade,TRIPLE_PLAY -> DOUBLE_PLAY_PV
19,8cfdf59322143cd5f64912932303207a,23/07/2020 18:24:00,Promotion Downgrade,TRIPLE_PLAY -> DOUBLE_PLAY_PV
20,56c1ce69ca6072b7733cae70028f72ae,24/07/2020 17:19:00,Promotion Downgrade,TRIPLE_PLAY -> DOUBLE_PLAY_PV
21,9b8346602e41e448af8355cf74ddc43f,17/08/2020 20:37:12,Promotion Upgrade,DOUBLE_PLAY_BV -> TRIPLE_PLAY
22,296a3019fe9e13a6b2414a7f1f24651e,27/07/2020 15:18:00,Promotion Upgrade,SINGLE_PLAY -> DOUBLE_PLAY_BV
24,ef13c3e3304ad36b559ab073b6a20bf3,27/07/2020 16:04:00,Promotion Downgrade,DOUBLE_PLAY_BV -> SINGLE_PLAY
25,05837c9e58679948f8c0d891fa4a0ccc,12/06/2020 11:07:00,Promotion Upgrade,DOUBLE_PLAY_PV -> TRIPLE_PLAY
26,d4107e07c708d4f0b8d7e3ef6beace2e,12/04/2019 15:20:00,Promotion Downgrade,DOUBLE_PLAY_BV -> SINGLE_PLAY
27,37323d9d9f592e0cc090f41477d2c069,12/06/2020 17:32:00,Promotion Upgrade,DOUBLE_PLAY_PV -> TRIPLE_PLAY
28,554c4ca38ac24684ddc6fe4676d79ff3,12/06/2020 18:03:00,Promotion Upgrade,DOUBLE_PLAY_PV -> TRIPLE_PLAY
29,4a53c2f008c7fcb139a7f3b90e2b0f85,03/07/2020 01:03:00,Promotion Upgrade,SINGLE_PLAY -> DOUBLE_PLAY_PV
30,cf0566af26ea548a810c0b801bbee22d,15/08/2020 15:49:00,Promotion Upgrade,DOUBLE_PLAY_BV -> TRIPLE_PLAY
31,d40eb559bca3f5796a8250186a669fef,16/06/2020 18:34:03,Promotion Downgrade,TRIPLE_PLAY -> DOUBLE_PLAY_PV
32,59600c518e06137a7cfce173bb795123,23/06/2020 13:44:44,Promotion Upgrade,DOUBLE_PLAY_PV -> TRIPLE_PLAY
33,bc5cc066d49637aa1c7457d6a51d1995,02/09/2020 14:37:46,Promotion Upgrade,DOUBLE_PLAY_BV -> TRIPLE_PLAY
34,613c324db0e31fb5a29d185ee43723eb,24/02/2020 23:51:00,Promotion Upgrade,SINGLE_PLAY -> DOUBLE_PLAY_BV
35,70b2cff1551e282f233ccc1c06c97ca3,22/02/2020 14:18:00,Promotion Upgrade,DOUBLE_PLAY_PV -> TRIPLE_PLAY
36,7d20a217b0f2d6ce3f57178e297e5997,26/02/2020 17:11:00,Promotion Upgrade,SINGLE_PLAY -> DOUBLE_PLAY_PV
37,af62d52e9ba41faa64c7fb655917c731,02/03/2020 10:28:00,Promotion Downgrade,TRIPLE_PLAY -> SINGLE_PLAY
38,a1a17097950da3f5a53f41a4089a143c,26/02/2020 13:59:21,Promotion Downgrade,TRIPLE_PLAY -> SINGLE_PLAY
39,15a55e4cc26ec3bfcf291da8cf4c5b09,06/07/2020 13:58:04,Promotion Downgrade,TRIPLE_PLAY -> DOUBLE_PLAY_PV
40,81b794726ed4bcf61fd0f0e058242058,06/07/2020 16:27:00,Promotion Downgrade,TRIPLE_PLAY -> SINGLE_PLAY
41,371596421dcb6e85b01a65c847022139,08/07/2020 15:15:00,Promotion Upgrade,SINGLE_PLAY -> DOUBLE_PLAY_PV
42,c68667b1f27b1d6844cb1c670e2d0755,07/07/2020 09:45:04,Promotion Upgrade,DOUBLE_PLAY_PV -> TRIPLE_PLAY
43,2dcd61331bcf51f7c5145d5445fb4a89,08/07/2020 08:18:00,Promotion Upgrade,DOUBLE_PLAY_PV -> TRIPLE_PLAY
44,22b0834e2718881d70660c1e1201895a,09/07/2020 15:41:00,Promotion Upgrade,SINGLE_PLAY -> DOUBLE_PLAY_BV
45,a1ce57e71f14d64d7f102472e78d8573,09/07/2020 16:04:02,Promotion Upgrade,SINGLE_PLAY -> TRIPLE_PLAY
46,0f19c9a1290067cbc8b863b3edcdd864,09/07/2020 15:58:00,Promotion Downgrade,TRIPLE_PLAY -> DOUBLE_PLAY_BV
47,ad370ac7ada064864f1a1bc1b94b4a12,09/07/2020 17:47:00,Promotion Upgrade,DOUBLE_PLAY_PV -> TRIPLE_PLAY
48,210b73b2c3bd98801013ecad7ceae9ec,10/07/2020 13:32:24,Promotion Downgrade,TRIPLE_PLAY -> DOUBLE_PLAY_PV
49,32d6114d307a0175d024ddb370b2a250,10/07/2020 13:41:00,Promotion Downgrade,DOUBLE_PLAY_BV -> SINGLE_PLAY
50,dbbb4011c6cc809850aa01f8ff5fe922,10/07/2020 14:32:00,Promotion Upgrade,DOUBLE_PLAY_PV -> TRIPLE_PLAY
51,b8d75e411aac336e9b7a4dc7d793c8de,10/07/2020 15:12:15,Promotion Downgrade,DOUBLE_PLAY_BV -> SINGLE_PLAY
52,bac1869aaca830112a6d925faf1ae49a,11/07/2020 09:50:00,Promotion Downgrade,DOUBLE_PLAY_BV -> SINGLE_PLAY
53,335ad0977174a6b25d969a808106263b,11/07/2020 13:41:00,Promotion Downgrade,TRIPLE_PLAY -> DOUBLE_PLAY_PV
54,0cb470354bf2cf0630f75e0e57517935,15/07/2020 13:07:00,Promotion Downgrade,TRIPLE_PLAY -> SINGLE_PLAY
55,be52ddd5468c090290d181df89e11b84,15/07/2020 12:07:00,Promotion Downgrade,DOUBLE_PLAY_PV -> SINGLE_PLAY
56,85895c8820fea2669cfe6bb13f2b3444,13/07/2020 16:42:00,Promotion Downgrade,DOUBLE_PLAY_BV -> SINGLE_PLAY
57,6184e258fc549e12c235a2bc10ae297e,14/07/2020 13:45:00,Promotion Upgrade,DOUBLE_PLAY_PV -> TRIPLE_PLAY
58,4c7a4769273c7a2eb4860a09f6376a70,16/07/2020 11:57:00,Promotion Upgrade,SINGLE_PLAY -> DOUBLE_PLAY_PV
59,af66a61a98c385584e3fccfd8dcc5412,14/07/2020 15:39:00,Promotion Downgrade,DOUBLE_PLAY_BV -> SINGLE_PLAY
61,561765580fd11861e535c2d10e6f4126,16/07/2020 12:05:00,Promotion Upgrade,SINGLE_PLAY -> DOUBLE_PLAY_BV
62,bf8db0134011754167d677f2ec4e158f,17/07/2020 17:15:00,Promotion Upgrade,SINGLE_PLAY -> TRIPLE_PLAY
63,872dfbf45de7e581358dde3531e41405,19/07/2020 18:40:00,Promotion Upgrade,SINGLE_PLAY -> DOUBLE_PLAY_PV
64,c1d6ac2b60f776b22b6bb42eb306d699,17/07/2020 17:37:00,Promotion Downgrade,DOUBLE_PLAY_BV -> SINGLE_PLAY
65,a79f2b6014730bd1031298841c8fef88,07/03/2019 07:43:27,Promotion Upgrade,SINGLE_PLAY -> DOUBLE_PLAY_PV
66,7d5c2e0e04f42483da19c2d9e9c7746e,10/08/2020 09:17:00,Promotion Upgrade,DOUBLE_PLAY_BV -> TRIPLE_PLAY
67,bb11f3fbacb6e366cf1834be06b99179,21/07/2020 16:16:00,Promotion Upgrade,DOUBLE_PLAY_BV -> TRIPLE_PLAY
68,697ac4abb2f6162a2e0d4d81ffde9c37,21/07/2020 00:29:00,Promotion Upgrade,DOUBLE_PLAY_PV -> TRIPLE_PLAY
69,61b6612a422269efaca0831a43b9e20e,23/07/2020 16:30:00,Promotion Downgrade,DOUBLE_PLAY_BV -> SINGLE_PLAY
71,287cde10ae103ec451caeb0d47b7575c,21/07/2020 00:28:00,Promotion Downgrade,DOUBLE_PLAY_BV -> SINGLE_PLAY
72,34b25283e1f52eb091eda702be6498b3,21/07/2020 12:46:00,Promotion Downgrade,DOUBLE_PLAY_BV -> SINGLE_PLAY
73,e06596d86276a6c08f2deb39a7b68f5d,21/07/2020 16:43:00,Promotion Upgrade,DOUBLE_PLAY_PV -> TRIPLE_PLAY
74,733f5c3b394b6e2779e1f01f16068417,22/07/2020 16:21:47,Promotion Downgrade,DOUBLE_PLAY_BV -> SINGLE_PLAY
75,c9128a4fdeeb96cabd25402cbc411eb1,17/06/2020 12:52:00,Promotion Upgrade,SINGLE_PLAY -> DOUBLE_PLAY_BV
76,5dc96973a7f873061434798efde375f2,21/06/2020 14:31:01,Promotion Upgrade,DOUBLE_PLAY_PV -> TRIPLE_PLAY
77,15d49615ea4b0ad7572e8d10667d23cc,18/06/2020 14:38:00,Promotion Upgrade,SINGLE_PLAY -> DOUBLE_PLAY_BV
78,11e762264ee9256192f1306bb25fcb5b,18/06/2020 17:53:00,Promotion Upgrade,SINGLE_PLAY -> DOUBLE_PLAY_BV
79,4f27a5ced1c5707b9baa5abf7451309c,19/06/2020 10:31:00,Promotion Upgrade,SINGLE_PLAY -> DOUBLE_PLAY_BV
80,7a4e5798abc9c9e314e4c6367da7e558,19/06/2020 12:27:00,Promotion Upgrade,DOUBLE_PLAY_PV -> TRIPLE_PLAY
81,66c90b0bad86f9942b839316d7078e69,24/06/2020 09:07:00,Promotion Downgrade,DOUBLE_PLAY_BV -> SINGLE_PLAY
82,59e3494948116329f4c0eb70e5363c73,20/06/2020 15:57:00,Promotion Upgrade,SINGLE_PLAY -> DOUBLE_PLAY_BV
83,266e8814522bb30a7ab42b8251bc043b,30/06/2020 12:31:00,Promotion Downgrade,TRIPLE_PLAY -> DOUBLE_PLAY_PV
84,3da406d3682d6e70b8246e1276bc485b,20/06/2020 13:00:00,Promotion Downgrade,TRIPLE_PLAY -> DOUBLE_PLAY_PV
85,c11edbc77887f77c14ae115af2d6fbf6,29/02/2020 12:14:00,Promotion Upgrade,DOUBLE_PLAY_PV -> TRIPLE_PLAY
86,00d5bb23e73e25b7b32d3ea8c5221dbd,12/03/2020 13:10:00,Promotion Upgrade,SINGLE_PLAY -> DOUBLE_PLAY_PV
88,0fb8c557d22f3fafbf573d925b8d5f96,14/02/2020 17:22:00,Promotion Downgrade,DOUBLE_PLAY_PV -> SINGLE_PLAY
89,026368f4bccda09644665c13cbe13079,19/02/2020 14:41:00,Promotion Downgrade,DOUBLE_PLAY_PV -> SINGLE_PLAY
90,ba41282293130bd2b1d7f9a889e6eadb,05/03/2020 09:09:00,Promotion Upgrade,DOUBLE_PLAY_BV -> TRIPLE_PLAY
91,23b8dcc156cd6c00287efd88ae321631,03/03/2020 16:37:18,Promotion Upgrade,DOUBLE_PLAY_BV -> TRIPLE_PLAY
92,c58b18d4a12e8dca20d317e109ff3a8e,01/03/2020 10:08:30,Promotion Downgrade,TRIPLE_PLAY -> DOUBLE_PLAY_PV
93,5ecc5dced9ea163b340fae6c48b9128c,11/02/2020 16:17:44,Promotion Downgrade,TRIPLE_PLAY -> DOUBLE_PLAY_PV
94,4c2d153d71ac1303acec84da23f3de27,04/03/2020 14:57:00,Promotion Upgrade,SINGLE_PLAY -> DOUBLE_PLAY_PV
95,a3956fbaf37e219115a908adc1e4a0cc,12/02/2020 13:05:39,Promotion Downgrade,TRIPLE_PLAY -> DOUBLE_PLAY_PV
96,ba18dd9ac0f3c4c845da23d1e3b40d66,19/02/2020 15:24:00,Promotion Downgrade,TRIPLE_PLAY -> SINGLE_PLAY
97,1cca6a8545b413f559cb2150db1e60d4,19/02/2020 17:41:00,Promotion Downgrade,DOUBLE_PLAY_PV -> SINGLE_PLAY
98,946df27148c1624a36c82eeb835ac76e,14/02/2020 13:38:00,Promotion Upgrade,SINGLE_PLAY -> DOUBLE_PLAY_BV
100,798441cec2a5078b021f9873599c699e,16/02/2020 15:10:00,Promotion Upgrade,SINGLE_PLAY -> DOUBLE_PLAY_BV
101,8d8472d39b270801553f2d5e7c06fe22,08/04/2020 08:15:00,Promotion Upgrade,SINGLE_PLAY -> DOUBLE_PLAY_BV
102,3e856543f0890a9c98d4ea038b487dce,01/05/2020 10:05:00,Promotion Upgrade,DOUBLE_PLAY_PV -> TRIPLE_PLAY
103,cc94c57867407f733d7160afb15f7ef5,24/02/2020 15:19:00,Promotion Upgrade,DOUBLE_PLAY_PV -> TRIPLE_PLAY
104,bd4d59633ffb8bd6fc82f3b4ada98fe9,04/04/2019 10:03:00,Promotion Downgrade,TRIPLE_PLAY -> DOUBLE_PLAY_BV
105,a08a08036982cd3eceecf156e8aabd30,30/04/2020 16:13:06,Promotion Upgrade,DOUBLE_PLAY_PV -> TRIPLE_PLAY
106,84d97bf4fde458c9cfd8fd25a41e5d63,19/02/2020 13:05:00,Promotion Downgrade,TRIPLE_PLAY -> DOUBLE_PLAY_PV
107,6285c6cb5457c04cd48edc51630a725d,12/05/2020 17:45:00,Promotion Upgrade,SINGLE_PLAY -> TRIPLE_PLAY
108,f74a488caa1be9f47b33abeb4ecf972f,19/02/2020 10:53:00,Promotion Downgrade,DOUBLE_PLAY_BV -> SINGLE_PLAY
109,1ce18d35b2ddbbcc60b9948191ea6f54,04/05/2020 23:34:00,Promotion Upgrade,DOUBLE_PLAY_PV -> TRIPLE_PLAY
110,74f4085f083da6e2fb68a1fa67d3846a,19/02/2020 13:55:25,Promotion Downgrade,DOUBLE_PLAY_PV -> SINGLE_PLAY
111,546191b74cd49d23ccd327a3361b1f1a,04/05/2020 14:03:00,Promotion Upgrade,DOUBLE_PLAY_PV -> TRIPLE_PLAY
112,c88bba576162e8694ea520e0c7093ca3,20/02/2020 16:20:00,Promotion Upgrade,DOUBLE_PLAY_BV -> TRIPLE_PLAY
113,5e80bb7d59c41cdc165125bdc860f699,27/07/2020 16:28:00,Promotion Downgrade,DOUBLE_PLAY_BV -> SINGLE_PLAY
114,2629cb4adf6a00143dfe497a9bbddff7,27/07/2020 16:34:00,Promotion Downgrade,DOUBLE_PLAY_BV -> SINGLE_PLAY
115,4a15030d4e88c1314384ead689929f73,19/05/2020 12:26:08,Promotion Upgrade,SINGLE_PLAY -> DOUBLE_PLAY_BV
116,0fa1d2aeb386d52b8fb4b545f3d28b5d,11/08/2020 13:07:13,Promotion Downgrade,TRIPLE_PLAY -> SINGLE_PLAY
117,5b5766c86cec63a602ff015ad7584953,18/04/2019 17:28:07,Promotion Upgrade,DOUBLE_PLAY_BV -> TRIPLE_PLAY
118,cc88c49f580c13600e99dfd9920d05e9,19/05/2020 17:56:00,Promotion Upgrade,SINGLE_PLAY -> DOUBLE_PLAY_BV
119,83041b23b6ad1c70326076d1210fa761,12/08/2020 12:00:00,Promotion Downgrade,DOUBLE_PLAY_BV -> SINGLE_PLAY
120,c01e10f2edcde3c23fc82bd74e85a402,19/05/2020 16:02:00,Promotion Upgrade,DOUBLE_PLAY_PV -> TRIPLE_PLAY
121,6e32d0a348d1ad246daa4104318d95b4,20/05/2020 17:00:00,Promotion Upgrade,SINGLE_PLAY -> DOUBLE_PLAY_BV
122,fb4664ea50d18d10d7d5045797fa5eb5,20/05/2020 15:42:12,Promotion Upgrade,DOUBLE_PLAY_PV -> TRIPLE_PLAY
123,bb5ef0231629690dab36f1552b70770b,21/05/2020 09:26:00,Promotion Upgrade,SINGLE_PLAY -> DOUBLE_PLAY_BV
124,ab3d4a44d25a6e05bd425f6ff9d69d72,11/05/2020 10:14:00,Promotion Upgrade,DOUBLE_PLAY_PV -> TRIPLE_PLAY
125,0ab1d3f6a699bab522f95be45fb5784e,28/07/2020 12:22:00,Promotion Downgrade,TRIPLE_PLAY -> DOUBLE_PLAY_PV
126,42c1b2886070be82b961acee7c05544f,28/07/2020 15:52:00,Promotion Upgrade,SINGLE_PLAY -> DOUBLE_PLAY_BV
127,f6e3e4e70d26cb296461e33de68fe3a6,29/07/2020 12:39:00,Promotion Upgrade,DOUBLE_PLAY_PV -> TRIPLE_PLAY
128,a38c9d9bf744892b7a984d7e298c0660,10/03/2020 12:13:00,Promotion Downgrade,TRIPLE_PLAY -> SINGLE_PLAY
129,f8a8545878a557e135963c8abcaa4f08,05/08/2020 16:48:00,Promotion Upgrade,DOUBLE_PLAY_BV -> TRIPLE_PLAY
130,44224bc1e2e7101c90bbad70dbcc5a6c,14/05/2020 13:12:12,Promotion Upgrade,SINGLE_PLAY -> DOUBLE_PLAY_PV
131,0d9cb7bde64fc490154f18daf28d3884,17/04/2019 11:27:00,Promotion Downgrade,DOUBLE_PLAY_BV -> SINGLE_PLAY
132,9eab2b32547a9e2edd911cef2df84deb,12/05/2020 16:13:00,Promotion Upgrade,DOUBLE_PLAY_PV -> TRIPLE_PLAY
133,b35ae461186a3da220dc2921e9d72c76,05/08/2020 11:18:00,Promotion Downgrade,TRIPLE_PLAY -> SINGLE_PLAY
134,3b1f1becd16d2927812a4f3f5e1f580b,19/05/2020 12:20:34,Promotion Upgrade,SINGLE_PLAY -> DOUBLE_PLAY_BV
135,e837ae443b97bb7f10f2c95e31ae6301,06/08/2020 12:54:00,Promotion Downgrade,TRIPLE_PLAY -> SINGLE_PLAY
136,0ca46f4e89d566fb321592c90fa5f302,16/05/2020 14:34:12,Promotion Downgrade,TRIPLE_PLAY -> DOUBLE_PLAY_PV
137,a1e2b9c2faf456eece4bb507dd044fcd,04/08/2020 14:18:00,Promotion Upgrade,SINGLE_PLAY -> DOUBLE_PLAY_BV
138,cbd0ec20425b77fb80a753af4a8d895e,17/04/2019 12:37:04,Promotion Upgrade,SINGLE_PLAY -> DOUBLE_PLAY_BV
139,7d8186ef45fbbdb8a12e98af8a4fb7c5,17/05/2020 16:34:00,Promotion Upgrade,SINGLE_PLAY -> TRIPLE_PLAY
140,f3e10f7bedf42dd49dc51395b4dd83ff,10/03/2020 12:42:00,Promotion Downgrade,DOUBLE_PLAY_PV -> SINGLE_PLAY
141,712dcb28554b9021286790a65c99b441,04/08/2020 14:06:00,Promotion Upgrade,SINGLE_PLAY -> DOUBLE_PLAY_BV
142,4b1f7bfd0aa9b296e1b62885043a0167,20/05/2020 16:04:00,Promotion Upgrade,SINGLE_PLAY -> TRIPLE_PLAY
143,949e14e85d36002ffb954d42d3366936,12/08/2020 12:24:00,Promotion Upgrade,DOUBLE_PLAY_PV -> TRIPLE_PLAY
144,3bb9cd717dff86fc5913c020d3e9f582,10/04/2019 17:12:46,Promotion Upgrade,SINGLE_PLAY -> DOUBLE_PLAY_BV
145,6552a5e22fa0d340f0f841da2c0fe8ac,17/05/2020 11:40:00,Promotion Downgrade,TRIPLE_PLAY -> SINGLE_PLAY
146,ec5364f7cd81bb13ce3b2e829522c824,07/08/2020 18:49:00,Promotion Downgrade,DOUBLE_PLAY_BV -> SINGLE_PLAY
147,b4969a0805389109dd1fd025da703ba9,18/05/2020 15:09:00,Promotion Downgrade,DOUBLE_PLAY_BV -> SINGLE_PLAY
148,95ac85c80ab64e565eaeb12a71855f06,11/03/2020 16:09:00,Promotion Upgrade,SINGLE_PLAY -> DOUBLE_PLAY_BV
149,0a2808ce587a25a6952a88844e8bf0a1,11/08/2020 10:02:00,Promotion Downgrade,DOUBLE_PLAY_BV -> SINGLE_PLAY
150,d2b1988c765fc7d679a0f1a07d2d9d9a,30/06/2020 12:47:00,Promotion Upgrade,DOUBLE_PLAY_PV -> TRIPLE_PLAY
151,e2fd6d1821fc9c9f84bfbc76f8fb12bf,07/02/2020 10:06:00,Promotion Downgrade,TRIPLE_PLAY -> DOUBLE_PLAY_PV
152,0fe2e3b19fef0e99885d5f62cc37c22d,10/02/2020 17:27:00,Promotion Downgrade,TRIPLE_PLAY -> SINGLE_PLAY
153,b1a0898571cf71ed8db70b69388ac73d,19/05/2020 17:26:00,Promotion Downgrade,TRIPLE_PLAY -> SINGLE_PLAY
154,d3099d3fb50e694aa47899f9e59b0cd1,20/02/2020 14:18:00,Promotion Upgrade,DOUBLE_PLAY_PV -> TRIPLE_PLAY
155,34128431ac0b3f55a6c31140e6d9a06e,16/09/2020 16:02:00,Promotion Downgrade,TRIPLE_PLAY -> SINGLE_PLAY
156,18f6a17d27de55f7b8c9e0bddab9404f,02/07/2020 13:04:00,Promotion Downgrade,TRIPLE_PLAY -> DOUBLE_PLAY_PV
157,f18cbade5483787052f1d4c4c85d34d0,03/07/2020 13:51:00,Promotion Downgrade,DOUBLE_PLAY_BV -> SINGLE_PLAY
158,0866e1a199b053b6762e99c9f7cacd6b,03/07/2020 13:40:00,Promotion Downgrade,TRIPLE_PLAY -> DOUBLE_PLAY_PV
159,d75c3a27fd543cbffd8763a60ce00341,07/07/2020 14:54:00,Promotion Upgrade,DOUBLE_PLAY_PV -> TRIPLE_PLAY
160,6948c253ef8c29869048bdf3b0c81924,04/07/2020 09:53:08,Promotion Upgrade,DOUBLE_PLAY_PV -> TRIPLE_PLAY
161,a965cda4acb888f94d8916478284ddb4,14/04/2019 08:46:00,Promotion Upgrade,SINGLE_PLAY -> DOUBLE_PLAY_BV
162,dbee812ebc15f6c8a1357521f5fdda46,05/02/2020 13:32:16,Promotion Upgrade,SINGLE_PLAY -> DOUBLE_PLAY_PV
163,62fb58e7bc8acec8cd1553a9aae5e8b0,31/01/2020 16:59:32,Promotion Upgrade,DOUBLE_PLAY_PV -> TRIPLE_PLAY
164,fdf274d421e09f7677f3b579d45aa60b,31/01/2020 17:50:22,Promotion Upgrade,SINGLE_PLAY -> DOUBLE_PLAY_BV
165,88d27b718c1c1b082aa2caf07fe94716,03/02/2020 11:25:00,Promotion Upgrade,DOUBLE_PLAY_PV -> TRIPLE_PLAY
166,9c926ad1c6705e1f46462dc5b59d8feb,24/11/2020 12:41:00,Promotion Downgrade,DOUBLE_PLAY_PV -> SINGLE_PLAY
167,c71143375d930fc5b584cec62192d1ff,08/10/2020 12:27:11,Promotion Downgrade,DOUBLE_PLAY_BV -> SINGLE_PLAY
168,3bc61b93cea92e9c79c8eb1a07f8c5c5,15/05/2021 10:51:00,Promotion Downgrade,DOUBLE_PLAY_PV -> SINGLE_PLAY
169,d38432b0e9e38f1d4bbfdaa76905080d,12/11/2020 17:07:00,Promotion Upgrade,DOUBLE_PLAY_PV -> TRIPLE_PLAY
170,dcab884afd6c1a13df78119714e9b76e,12/11/2020 18:41:00,Promotion Upgrade,SINGLE_PLAY -> DOUBLE_PLAY_BV
171,57dde03a9ea917461c536cce1b435c67,04/12/2020 12:50:22,Promotion Upgrade,SINGLE_PLAY -> TRIPLE_PLAY
172,6b22b5149c936bbe09e79479a08bcfa7,14/11/2020 15:31:00,Promotion Downgrade,DOUBLE_PLAY_BV -> SINGLE_PLAY
173,bb5837708e87a57c24f4d3588f6196d6,16/11/2020 11:28:00,Promotion Upgrade,DOUBLE_PLAY_PV -> TRIPLE_PLAY
174,23741a69b17a577596aee375524a32ba,16/11/2020 10:44:00,Promotion Downgrade,TRIPLE_PLAY -> DOUBLE_PLAY_PV
175,93e1727e57361a57b095eef02f7b9438,07/10/2020 12:55:00,Promotion Downgrade,DOUBLE_PLAY_BV -> SINGLE_PLAY
176,a92192574aeebc571d4be3967a8bee5d,16/11/2020 16:41:00,Promotion Upgrade,SINGLE_PLAY -> DOUBLE_PLAY_BV
177,f9d084696a16cd0ec64b5e0663638546,08/10/2020 11:09:00,Promotion Downgrade,DOUBLE_PLAY_BV -> SINGLE_PLAY
178,6f0e373a6c2fc4ec0b45ff96cec19ff2,08/10/2020 17:46:04,Promotion Downgrade,DOUBLE_PLAY_BV -> SINGLE_PLAY
179,6123ee47fb31813857c8e410ded84b8d,12/08/2020 16:39:00,Promotion Downgrade,TRIPLE_PLAY -> DOUBLE_PLAY_PV
180,bd4ca11c047deb1566e294f2c762ddf2,10/04/2019 17:26:30,Promotion Upgrade,SINGLE_PLAY -> DOUBLE_PLAY_BV
181,e0e16275eab60ed6f36ffc21f09a5844,13/08/2020 14:22:00,Promotion Upgrade,DOUBLE_PLAY_PV -> TRIPLE_PLAY
182,7a631a2a11a983f2b7e30d1e8df5a78f,21/05/2020 14:38:00,Promotion Upgrade,SINGLE_PLAY -> DOUBLE_PLAY_BV
183,11f7e861a3df964f9872b07b691139f2,22/05/2020 20:02:00,Promotion Downgrade,DOUBLE_PLAY_BV -> SINGLE_PLAY
184,543377841d5712c909269c03bb329092,13/08/2020 17:57:00,Promotion Upgrade,DOUBLE_PLAY_PV -> TRIPLE_PLAY
185,b15d8a612e32c813625d83e78d10a95c,14/08/2020 11:23:00,Promotion Downgrade,TRIPLE_PLAY -> DOUBLE_PLAY_PV
186,1cf3f313f1060c69dfe814a0e8124f18,29/05/2020 17:45:00,Promotion Upgrade,DOUBLE_PLAY_PV -> TRIPLE_PLAY
187,590a74c64da4a116f7add0655b3938d4,14/08/2020 18:47:03,Promotion Downgrade,TRIPLE_PLAY -> DOUBLE_PLAY_PV
188,69e1923e09bf3d05e260663b646ac83a,30/05/2020 13:10:02,Promotion Upgrade,SINGLE_PLAY -> DOUBLE_PLAY_BV
189,ef5eb2bd87f8d084600007ae55c3a813,15/08/2020 14:29:00,Promotion Downgrade,TRIPLE_PLAY -> SINGLE_PLAY
190,4331912302921124842662df944ba046,11/04/2019 11:16:23,Promotion Upgrade,SINGLE_PLAY -> DOUBLE_PLAY_BV
191,01f29baefa8fabbd7351cc8260f56323,03/09/2020 17:48:00,Promotion Upgrade,SINGLE_PLAY -> DOUBLE_PLAY_PV
192,9a7f9718ff835292c03a93382d0a29bd,01/06/2020 17:30:00,Promotion Downgrade,DOUBLE_PLAY_BV -> SINGLE_PLAY
193,795049de5385a6e45d0d2138794957b8,17/06/2020 11:08:00,Promotion Downgrade,TRIPLE_PLAY -> DOUBLE_PLAY_PV
194,c35f8216e57ab23bec8abf126d795620,22/06/2020 16:40:00,Promotion Upgrade,SINGLE_PLAY -> DOUBLE_PLAY_BV
195,a845f9823c58b3c66c0215c776c48f78,12/06/2020 15:36:00,Promotion Downgrade,TRIPLE_PLAY -> DOUBLE_PLAY_PV
196,f1774d54575c17dcc5a1c740cc379c2d,04/06/2020 22:01:00,Promotion Downgrade,DOUBLE_PLAY_BV -> SINGLE_PLAY
197,7b7b34a5b9d59f774148138958f59610,03/06/2020 11:59:00,Promotion Downgrade,DOUBLE_PLAY_BV -> SINGLE_PLAY
198,7684b27d889f8dcc283f51df214e9502,14/03/2020 22:41:14,Promotion Upgrade,SINGLE_PLAY -> DOUBLE_PLAY_PV
199,ab5ed170f4514147ffcf947d02c4e8c7,04/06/2020 15:38:00,Promotion Upgrade,DOUBLE_PLAY_PV -> TRIPLE_PLAY
200,66869e6fe7a915c8c8f363504a37fa0d,06/06/2020 14:11:11,Promotion Upgrade,SINGLE_PLAY -> DOUBLE_PLAY_BV
201,fbc3bb19ac95cf245f78b7ac686e4ddd,08/06/2020 12:53:00,Promotion Upgrade,SINGLE_PLAY -> DOUBLE_PLAY_BV
202,5bce7e5f4bd3639566ba38db29e8ba01,12/03/2020 13:27:00,Promotion Downgrade,DOUBLE_PLAY_BV -> SINGLE_PLAY
203,4f19598e79d431fdeb86579d366fa0e0,10/06/2020 09:28:00,Promotion Upgrade,DOUBLE_PLAY_PV -> TRIPLE_PLAY
204,050fdbb3512b12800826659f16b55eb5,10/06/2020 12:49:00,Promotion Downgrade,DOUBLE_PLAY_PV -> SINGLE_PLAY
205,1f6c731178993235ecb5ff4a86be27d3,11/06/2020 10:50:00,Promotion Upgrade,SINGLE_PLAY -> DOUBLE_PLAY_BV
206,f4b57b7c5071620109141b6712acc28e,12/06/2020 11:43:00,Promotion Upgrade,SINGLE_PLAY -> DOUBLE_PLAY_BV
207,ab5f9186fefae73c572cf322d5f48d8d,12/04/2019 11:48:00,Promotion Downgrade,TRIPLE_PLAY -> DOUBLE_PLAY_BV
208,c60b265895c30bb00c5884af76107a1c,10/06/2020 16:09:00,Promotion Upgrade,DOUBLE_PLAY_PV -> TRIPLE_PLAY
210,9f73c9c2a9d12dad963112a01f1d770f,06/04/2019 17:30:00,Promotion Downgrade,DOUBLE_PLAY_BV -> SINGLE_PLAY
211,7a80615fb26922948d633269d57a5e8a,09/02/2021 19:52:15,Promotion Downgrade,TRIPLE_PLAY -> DOUBLE_PLAY_PV
212,3e95dd47b2766c3c53304580e84bcb58,19/03/2020 14:17:00,Promotion Upgrade,DOUBLE_PLAY_PV -> TRIPLE_PLAY
213,836d8d893b765caea3f6763e947091c2,19/03/2020 14:15:00,Promotion Upgrade,DOUBLE_PLAY_PV -> TRIPLE_PLAY
214,fbb06fc0b3f059d33debc5ef33756ae1,27/03/2020 15:06:11,Promotion Upgrade,DOUBLE_PLAY_BV -> TRIPLE_PLAY
215,a7001c2630932f43f46ee0552864ecea,19/03/2020 16:36:00,Promotion Upgrade,DOUBLE_PLAY_PV -> TRIPLE_PLAY
216,19e525b4f6ec55ae116b470dd853bddd,04/11/2020 17:27:00,Promotion Upgrade,SINGLE_PLAY -> DOUBLE_PLAY_PV
217,e52e74e1033f003ee118ef40eb4f7229,29/03/2020 17:20:16,Promotion Upgrade,DOUBLE_PLAY_PV -> TRIPLE_PLAY
218,d884685f29139591a7d1ba88c49bb256,18/08/2020 14:41:00,Promotion Upgrade,SINGLE_PLAY -> DOUBLE_PLAY_BV
219,ce2a3c0ad196e73f3cd2ba9f82a2b504,29/03/2020 22:05:00,Promotion Upgrade,DOUBLE_PLAY_PV -> TRIPLE_PLAY
220,44d58c09643065f357d46358acbc36e1,03/11/2020 20:01:00,Promotion Upgrade,SINGLE_PLAY -> DOUBLE_PLAY_BV
222,5874c6d4d73afba94f9734d7b6a04797,30/03/2020 12:19:00,Promotion Upgrade,DOUBLE_PLAY_PV -> TRIPLE_PLAY
223,4cf39fbb21dbb056669ee97086951856,02/04/2020 11:00:00,Promotion Upgrade,DOUBLE_PLAY_PV -> TRIPLE_PLAY
224,d71a576e4da944cfc2d7ab5fadcf86c5,03/11/2020 18:45:17,Promotion Upgrade,DOUBLE_PLAY_PV -> TRIPLE_PLAY
225,365e4d4f6d27f2618dcc8b09eab41d92,01/04/2020 22:06:00,Promotion Downgrade,DOUBLE_PLAY_BV -> SINGLE_PLAY
226,9796df61cd165b829364c6e9983513a2,11/06/2020 16:00:00,Promotion Upgrade,SINGLE_PLAY -> DOUBLE_PLAY_BV
227,68d92287a957483655e88cea5993d015,14/11/2020 09:07:00,Promotion Downgrade,DOUBLE_PLAY_PV -> SINGLE_PLAY
229,fbfdb60177fd5265eb5f0dc6a5f786a6,21/08/2020 14:55:00,Promotion Upgrade,DOUBLE_PLAY_PV -> TRIPLE_PLAY
230,2410650dfda5812a8a781bffc2ae56cd,04/11/2020 10:05:31,Promotion Upgrade,DOUBLE_PLAY_PV -> TRIPLE_PLAY
231,c731ab371bdb019ac36cb39e36ffb9ad,04/04/2020 10:44:13,Promotion Upgrade,DOUBLE_PLAY_PV -> TRIPLE_PLAY
232,92a2cc0e30bee9f728795eda9e2084ce,24/08/2020 15:36:00,Promotion Downgrade,DOUBLE_PLAY_BV -> SINGLE_PLAY
233,cd0ae08916a300ed861dca52cc353c4e,07/04/2020 14:11:00,Promotion Upgrade,DOUBLE_PLAY_PV -> TRIPLE_PLAY
234,78737a32cb0da26ab8ba4b17bfd890e3,12/04/2020 14:41:00,Promotion Upgrade,SINGLE_PLAY -> DOUBLE_PLAY_PV
235,0c6ff6b1a933f33091b63ce71d01d09e,05/11/2020 09:28:00,Promotion Upgrade,SINGLE_PLAY -> DOUBLE_PLAY_BV
236,9f749fefe8713d42acef8b6787cca276,09/04/2020 12:07:00,Promotion Upgrade,DOUBLE_PLAY_PV -> TRIPLE_PLAY
237,36e98a9d14f6461a470134a8f2cea2c6,25/08/2020 10:04:00,Promotion Downgrade,TRIPLE_PLAY -> DOUBLE_PLAY_PV
238,34cbda4698077235df4c2a08ee6f15ee,09/04/2020 13:34:05,Promotion Upgrade,DOUBLE_PLAY_PV -> TRIPLE_PLAY
239,d95fa65324a7972dcb319e98a2cb05c1,07/11/2020 15:52:00,Promotion Upgrade,DOUBLE_PLAY_BV -> TRIPLE_PLAY
240,ff029c28d1e61dc3fb8d9aba178a6d58,25/04/2019 21:34:00,Promotion Upgrade,SINGLE_PLAY -> DOUBLE_PLAY_BV
241,8faa068f1432a947e929501632584ff7,05/11/2020 17:02:00,Promotion Upgrade,DOUBLE_PLAY_PV -> TRIPLE_PLAY
242,f914d14f1f69c4d0e5edae1e10b74a0c,30/06/2020 09:02:00,Promotion Upgrade,SINGLE_PLAY -> TRIPLE_PLAY
243,107512d50296a0dd95997fc9097f3ecf,20/04/2020 11:07:00,Promotion Upgrade,DOUBLE_PLAY_PV -> TRIPLE_PLAY
244,f42683f7dfa06b3b65838c9704da8113,09/11/2020 09:36:00,Promotion Upgrade,SINGLE_PLAY -> DOUBLE_PLAY_BV
245,32e55deb720baed33e5f03a2edae6039,25/04/2020 11:28:00,Promotion Upgrade,DOUBLE_PLAY_PV -> TRIPLE_PLAY
246,759deb22d66cc71e3bf61207dcd43193,07/11/2020 13:15:00,Promotion Upgrade,SINGLE_PLAY -> DOUBLE_PLAY_BV
247,36d32cfed00a3d6f04d7dad2af01f070,25/04/2020 16:05:00,Promotion Upgrade,DOUBLE_PLAY_PV -> TRIPLE_PLAY
248,5d86d5152fad3c859e16a78c0ce1074d,27/04/2020 11:21:00,Promotion Upgrade,DOUBLE_PLAY_PV -> TRIPLE_PLAY
249,1619b0f8b4a20f568e30d80daf5b39a5,08/11/2020 15:50:00,Promotion Upgrade,DOUBLE_PLAY_PV -> TRIPLE_PLAY
250,1ecc38101678a0b016ef7a4f44d8a87b,16/04/2021 18:08:00,Promotion Downgrade,DOUBLE_PLAY_PV -> SINGLE_PLAY
251,c3f1c484e096650c23274ed124fda5ab,29/09/2020 15:53:00,Promotion Upgrade,DOUBLE_PLAY_PV -> TRIPLE_PLAY
252,894475012adac7f10162d2969d9ab6e3,14/11/2020 09:10:00,Promotion Downgrade,DOUBLE_PLAY_PV -> SINGLE_PLAY
253,9464150dc454b6baad86077728be91f6,29/04/2020 17:01:00,Promotion Upgrade,SINGLE_PLAY -> DOUBLE_PLAY_BV
254,aeb11c7cddc657783d2ce4fc7dc2baeb,10/11/2020 14:16:00,Promotion Upgrade,DOUBLE_PLAY_PV -> TRIPLE_PLAY
255,aee5bc6be3b50afe66cde3095448e88b,30/09/2020 12:17:03,Promotion Downgrade,DOUBLE_PLAY_BV -> SINGLE_PLAY
256,bbc5bbab3ff7155ba85777175b039cd3,12/11/2020 08:27:07,Promotion Upgrade,DOUBLE_PLAY_PV -> TRIPLE_PLAY
257,aaa28b4867f63ee26dcf724952b11a93,03/10/2020 16:37:00,Promotion Downgrade,DOUBLE_PLAY_BV -> SINGLE_PLAY
258,36eb10793bed8cedd0543aadd8b2935e,12/11/2020 11:09:00,Promotion Upgrade,DOUBLE_PLAY_PV -> TRIPLE_PLAY
259,77783b6b026d45d290558265df7de337,05/10/2020 12:52:00,Promotion Downgrade,DOUBLE_PLAY_BV -> SINGLE_PLAY
260,b4beb3d33fcb942ab8c581a0a5d97ae5,16/03/2021 10:54:00,Promotion Downgrade,TRIPLE_PLAY -> DOUBLE_PLAY_PV
261,118aa3e7b903cf4c898eaa2ca04c43fd,19/03/2021 08:44:00,Promotion Upgrade,DOUBLE_PLAY_PV -> TRIPLE_PLAY
262,af174b1e441e07d93b88e7a3d5457740,23/03/2021 09:35:00,Promotion Upgrade,SINGLE_PLAY -> DOUBLE_PLAY_PV
263,47cd867e6b0b270d4c6b928319313ccb,23/03/2021 16:31:00,Promotion Downgrade,DOUBLE_PLAY_BV -> SINGLE_PLAY
264,d1044116b28fd1f568b0419f3cac9992,02/04/2021 13:28:20,Promotion Upgrade,DOUBLE_PLAY_BV -> TRIPLE_PLAY
265,de6b07bb076db11ba685a574597ee60d,25/03/2021 12:12:00,Promotion Downgrade,DOUBLE_PLAY_BV -> SINGLE_PLAY
266,a6671618eccc37bedb264fcd246bb9fd,25/03/2021 12:39:13,Promotion Upgrade,DOUBLE_PLAY_PV -> TRIPLE_PLAY
267,1186aaba03e18b3dda89c75d611e8116,26/03/2021 15:21:00,Promotion Downgrade,DOUBLE_PLAY_PV -> SINGLE_PLAY
268,5c6d01e13b1f9a8352527d4f107dbf24,26/03/2021 10:35:00,Promotion Upgrade,SINGLE_PLAY -> DOUBLE_PLAY_BV
269,07cd6e4581f24168de8a6a6286c61e4c,26/03/2021 11:40:00,Promotion Upgrade,DOUBLE_PLAY_PV -> TRIPLE_PLAY
270,ac1c84bef83225528af864a119a4599e,02/12/2020 12:03:27,Promotion Downgrade,TRIPLE_PLAY -> SINGLE_PLAY
271,b330c23a1cc0734c69f1efbb299f17cc,02/12/2020 11:09:18,Promotion Upgrade,SINGLE_PLAY -> DOUBLE_PLAY_BV
272,48e7141a8b7601f2c6ea8c5f93bea6a6,29/03/2021 14:40:00,Promotion Downgrade,TRIPLE_PLAY -> SINGLE_PLAY
273,d25091fa7314377a7080d9fd6435f646,04/12/2020 09:26:27,Promotion Upgrade,SINGLE_PLAY -> DOUBLE_PLAY_BV
274,d0ca8f212357933c831f01609103bce9,07/12/2020 14:01:16,Promotion Upgrade,SINGLE_PLAY -> DOUBLE_PLAY_PV
275,33b1698f14c4942a2bcb3d871a9dcd81,05/12/2020 12:23:19,Promotion Upgrade,SINGLE_PLAY -> DOUBLE_PLAY_BV
276,ac65d138775c58dabd6f0c898b3eca45,07/12/2020 10:16:49,Promotion Upgrade,SINGLE_PLAY -> DOUBLE_PLAY_BV
277,8a1b06b0f08751225d248be27b671fe8,05/12/2020 11:12:36,Promotion Upgrade,DOUBLE_PLAY_PV -> DOUBLE_PLAY_BV
278,48e41575216d90b1a7b7a1058905111b,09/12/2020 10:57:26,Promotion Upgrade,SINGLE_PLAY -> DOUBLE_PLAY_PV
279,b25295d8e6fce6459039c3b66561c5b6,08/12/2020 10:05:51,Promotion Upgrade,SINGLE_PLAY -> DOUBLE_PLAY_BV
280,1720696a0cc0328d0bef44d8bc538f8f,11/12/2020 19:17:18,Promotion Upgrade,DOUBLE_PLAY_BV -> TRIPLE_PLAY
281,71a4336530295c2214c34da55f5ce115,09/12/2020 16:06:21,Promotion Upgrade,SINGLE_PLAY -> DOUBLE_PLAY_BV
282,62ec977241520b1a0d5b0b35fd8f7973,09/12/2020 16:30:10,Promotion Downgrade,TRIPLE_PLAY -> DOUBLE_PLAY_PV
283,90a88bb1cdd748cdaaded327685dabf8,11/12/2020 14:07:05,Promotion Downgrade,TRIPLE_PLAY -> DOUBLE_PLAY_PV
284,0009e7e4d940c2a539b89342af07e7f1,11/12/2020 14:19:42,Promotion Downgrade,TRIPLE_PLAY -> DOUBLE_PLAY_PV
285,e063d5e3e89a23dd9e03a637350afb61,12/12/2020 10:25:12,Promotion Downgrade,TRIPLE_PLAY -> DOUBLE_PLAY_PV
286,12e8ff3dc92bc4fdbd7840c05468bc09,13/12/2020 16:13:00,Promotion Upgrade,SINGLE_PLAY -> TRIPLE_PLAY
287,21ae95c42acca22030b997bca02c0f28,14/12/2020 10:43:00,Promotion Upgrade,SINGLE_PLAY -> DOUBLE_PLAY_BV
288,632c81aa0a869570ce2ea954c7d460cf,14/12/2020 14:46:19,Promotion Downgrade,TRIPLE_PLAY -> DOUBLE_PLAY_PV
289,39af5478e4375ef1f2ec9fcea8c78840,16/12/2020 13:15:00,Promotion Downgrade,DOUBLE_PLAY_BV -> SINGLE_PLAY
291,76d9ebdabc9289f652367e82f2371dc8,26/04/2019 09:09:48,Promotion Upgrade,DOUBLE_PLAY_BV -> TRIPLE_PLAY
292,a5d3e54f87841f8e48729db28fa6a955,16/12/2020 15:47:00,Promotion Downgrade,DOUBLE_PLAY_BV -> SINGLE_PLAY
293,724bbbcc09bc1b4d4dc54f48a3063478,17/12/2020 16:27:00,Promotion Upgrade,DOUBLE_PLAY_PV -> TRIPLE_PLAY
294,558d0557b955af3272278085c06d85ba,18/12/2020 10:38:00,Promotion Downgrade,DOUBLE_PLAY_BV -> SINGLE_PLAY
295,a83e327de376bc67fcc6bfa333dd966f,29/04/2019 13:12:00,Promotion Downgrade,DOUBLE_PLAY_BV -> SINGLE_PLAY
296,c950439894f62f21dd183242e041a5a5,21/12/2020 10:43:00,Promotion Downgrade,DOUBLE_PLAY_BV -> SINGLE_PLAY
297,3d7710de983cbb77fe69d73914ec414a,19/12/2020 18:26:00,Promotion Downgrade,DOUBLE_PLAY_BV -> SINGLE_PLAY
298,2eda8f5eed84231508079b78895a75b3,23/12/2020 09:51:00,Promotion Upgrade,DOUBLE_PLAY_PV -> TRIPLE_PLAY
299,57f55072e8e8882f3063e0b4504591ad,23/12/2020 15:19:00,Promotion Upgrade,DOUBLE_PLAY_PV -> TRIPLE_PLAY
300,648d508470b0a8644957a582c96c1681,03/02/2021 11:20:00,Promotion Upgrade,DOUBLE_PLAY_BV -> TRIPLE_PLAY
301,a3b438055ab352c8f022d1d9347775ae,17/11/2020 09:20:00,Promotion Upgrade,SINGLE_PLAY -> DOUBLE_PLAY_BV
302,67a0df571e3aa48aa7b07bff76c39f03,04/12/2020 15:53:42,Promotion Upgrade,SINGLE_PLAY -> DOUBLE_PLAY_PV
303,79b864b3fbe496b0efac3197185124ad,19/11/2020 09:09:00,Promotion Upgrade,SINGLE_PLAY -> DOUBLE_PLAY_BV
304,ff088344d91358b98d0c3c956a36afaf,23/04/2019 12:02:18,Promotion Upgrade,SINGLE_PLAY -> DOUBLE_PLAY_PV
305,68167674cb0624a2ead7e0a895339964,19/11/2020 15:49:20,Promotion Upgrade,SINGLE_PLAY -> DOUBLE_PLAY_BV
306,125cd3d518ec89dcffd30b0c5fbae9c7,10/10/2020 15:31:00,Promotion Upgrade,SINGLE_PLAY -> TRIPLE_PLAY
307,0b62edaf6dcd0a22c6006bc5d080f12b,19/11/2020 15:48:37,Promotion Downgrade,TRIPLE_PLAY -> DOUBLE_PLAY_PV
308,187c4f85fd7786ee9f2f0612ef53d2ca,28/12/2020 19:19:00,Promotion Upgrade,SINGLE_PLAY -> DOUBLE_PLAY_BV
310,bcfdcb1f86201953e06ad38af1c1f9d3,07/01/2021 16:28:00,Promotion Downgrade,TRIPLE_PLAY -> SINGLE_PLAY
311,0fd63ddba63be062131e0c0eb8066192,19/01/2021 12:19:00,Promotion Upgrade,DOUBLE_PLAY_BV -> TRIPLE_PLAY
312,75ff3a8340bc095f7dec5163742e5365,07/01/2021 13:32:08,Promotion Upgrade,DOUBLE_PLAY_BV -> TRIPLE_PLAY
313,0ac4668ca6b197b3c299f4f34f9a7f65,27/01/2021 16:58:00,Promotion Upgrade,SINGLE_PLAY -> TRIPLE_PLAY
314,9af4fa40df83f2014cbb55179d2d3f1e,07/01/2021 11:01:00,Promotion Downgrade,TRIPLE_PLAY -> DOUBLE_PLAY_PV
315,e9bbb39fa95a52c56ee6057c21f84922,16/11/2020 15:37:00,Promotion Downgrade,TRIPLE_PLAY -> SINGLE_PLAY
316,6ceafe0f8f87f26e0b6c869c3f47ed3a,12/10/2020 13:29:00,Promotion Upgrade,SINGLE_PLAY -> DOUBLE_PLAY_BV
317,559698752629d71ade5b54e984e58978,20/11/2020 15:40:00,Promotion Downgrade,DOUBLE_PLAY_BV -> SINGLE_PLAY
318,2f1d40b423aef707a108ca02c1969510,12/10/2020 14:03:19,Promotion Upgrade,SINGLE_PLAY -> DOUBLE_PLAY_BV
319,30cabe2a9b5de9f207f9808fa7dbd91d,16/10/2020 12:26:00,Promotion Upgrade,DOUBLE_PLAY_BV -> TRIPLE_PLAY
320,2c5b39e008067f1e0d5197357d8dfe09,24/11/2020 11:26:14,Promotion Downgrade,DOUBLE_PLAY_BV -> SINGLE_PLAY
322,e424e102c32e6848719f2c532a0d47bb,15/10/2020 16:30:00,Promotion Upgrade,SINGLE_PLAY -> DOUBLE_PLAY_BV
323,5500568d27e03f40acd5fa387619b65a,25/11/2020 15:11:49,Promotion Upgrade,SINGLE_PLAY -> TRIPLE_PLAY
324,2df2f59542cfbe7162b09ee66f0f2272,19/10/2020 10:20:00,Promotion Downgrade,TRIPLE_PLAY -> DOUBLE_PLAY_BV
325,ee6763f41388b8338a5623b9ac717354,19/10/2020 12:10:00,Promotion Upgrade,DOUBLE_PLAY_PV -> TRIPLE_PLAY
326,59a545a30729f82fa24e7ce3ddb70abf,29/03/2021 17:51:00,Promotion Downgrade,DOUBLE_PLAY_PV -> SINGLE_PLAY
327,ad4504327db7ca40290b9d7e3686180a,26/11/2020 15:25:17,Promotion Downgrade,DOUBLE_PLAY_BV -> SINGLE_PLAY
328,315feb52cb4ccdc70e35bc8a21056716,22/10/2020 13:12:00,Promotion Upgrade,DOUBLE_PLAY_BV -> TRIPLE_PLAY
329,3824b3901488c8309867305ac0bca1ed,28/04/2019 16:15:46,Promotion Upgrade,DOUBLE_PLAY_BV -> TRIPLE_PLAY
330,02d208b753acaa64ccaa5571837b3959,05/12/2020 14:10:09,Promotion Upgrade,SINGLE_PLAY -> DOUBLE_PLAY_PV
331,3b7551daa1aa8beacb616daef0291ee4,22/04/2019 11:14:00,Promotion Downgrade,DOUBLE_PLAY_BV -> SINGLE_PLAY
332,42e246b6d9784f6480d686cb715ace37,09/12/2020 01:36:12,Promotion Upgrade,DOUBLE_PLAY_BV -> TRIPLE_PLAY
333,b8ad9ec6bf6e8dfb461af71d1e637f3a,22/04/2019 12:53:00,Promotion Downgrade,TRIPLE_PLAY -> DOUBLE_PLAY_PV
334,d4dd40a9fec3ec139a7b9fb2dc98c178,21/10/2020 16:25:00,Promotion Upgrade,DOUBLE_PLAY_PV -> TRIPLE_PLAY
335,437d53cd2cba11d254dbcf4fefd84d4a,22/04/2019 15:08:21,Promotion Upgrade,DOUBLE_PLAY_PV -> TRIPLE_PLAY
336,ce1479b8057f64eb01d40dbbde2c4a8a,22/10/2020 09:34:00,Promotion Downgrade,TRIPLE_PLAY -> DOUBLE_PLAY_PV
337,1bea6251ef5e2e779debfd9f52dc218b,30/11/2020 10:07:17,Promotion Downgrade,DOUBLE_PLAY_BV -> SINGLE_PLAY
338,92199cb4ed5d49e383036e77ff0f4711,04/12/2020 16:31:03,Promotion Upgrade,SINGLE_PLAY -> DOUBLE_PLAY_BV
339,df4cead5fdd217ea679e8fd59935604b,24/10/2020 11:39:00,Promotion Upgrade,DOUBLE_PLAY_PV -> TRIPLE_PLAY
340,3e30968d89f888aeed2d32c14bbd91ba,11/12/2020 06:56:49,Promotion Upgrade,SINGLE_PLAY -> DOUBLE_PLAY_PV
341,fa992c6b5cf485bc1fd52316781197d7,01/12/2020 12:07:10,Promotion Upgrade,SINGLE_PLAY -> DOUBLE_PLAY_BV
342,bfcd9dbf9cb952a184d7e5a4a8059df1,26/10/2020 11:26:00,Promotion Upgrade,DOUBLE_PLAY_PV -> TRIPLE_PLAY
343,5455c60802d6d55b90a250ff5e3c18b8,27/10/2020 16:50:07,Promotion Downgrade,DOUBLE_PLAY_PV -> SINGLE_PLAY
344,1f94d46ef3f01af42a42dadaaf9163ae,26/10/2020 16:21:00,Promotion Upgrade,SINGLE_PLAY -> DOUBLE_PLAY_BV
345,84641995666e6e89f0999c9b30e0126e,27/10/2020 12:46:14,Promotion Upgrade,DOUBLE_PLAY_PV -> TRIPLE_PLAY
346,4520c37b3625b1e8af30b51159e921dd,29/10/2020 17:14:00,Promotion Upgrade,SINGLE_PLAY -> DOUBLE_PLAY_BV
347,d0be7a1c18b3f7d685b7b659010eac9c,29/10/2020 16:51:43,Promotion Downgrade,TRIPLE_PLAY -> DOUBLE_PLAY_PV
348,4107bf73ad824d7c5bc2a38552cf7f78,03/05/2019 12:51:44,Promotion Downgrade,TRIPLE_PLAY -> DOUBLE_PLAY_PV
349,9c9b0255d776404746f570e4b342b121,03/05/2019 14:32:38,Promotion Downgrade,TRIPLE_PLAY -> DOUBLE_PLAY_PV
350,a5a2c3a0e87115239a592492f54343e6,23/02/2021 15:52:00,Promotion Upgrade,DOUBLE_PLAY_BV -> TRIPLE_PLAY
351,863fa06edcc767b59d2afc4d04449ba3,22/02/2021 16:35:00,Promotion Downgrade,TRIPLE_PLAY -> SINGLE_PLAY
352,d050863b5f44ea06dbabfdb8dbbd90d3,22/02/2021 15:08:00,Promotion Downgrade,TRIPLE_PLAY -> DOUBLE_PLAY_PV
353,834cd2d82f7a441b66dc8d6f134ad295,04/05/2019 12:36:00,Promotion Downgrade,TRIPLE_PLAY -> DOUBLE_PLAY_BV
354,cac341d34d55f919d74dc16466cc9f49,23/02/2021 10:36:09,Promotion Downgrade,DOUBLE_PLAY_BV -> SINGLE_PLAY
355,a4eebc122a8f3dc2b2cd9bf6420cf008,24/02/2021 11:30:00,Promotion Downgrade,DOUBLE_PLAY_BV -> SINGLE_PLAY
356,cc8d273c826b1c1a630bc259f84a9f5c,25/02/2021 14:09:00,Promotion Upgrade,SINGLE_PLAY -> DOUBLE_PLAY_BV
357,62bd8ebb6ff7c3676ef87c700ed15758,13/05/2019 10:22:00,Promotion Upgrade,DOUBLE_PLAY_PV -> TRIPLE_PLAY
358,b23551e435e3874753942d5bb7e38adf,28/02/2021 13:09:12,Promotion Upgrade,DOUBLE_PLAY_PV -> TRIPLE_PLAY
359,3ff159880f605da24a6b5a2f942cae5c,01/03/2021 09:21:00,Promotion Downgrade,TRIPLE_PLAY -> DOUBLE_PLAY_PV
360,b7ab10b918a86a42fa339b83aabd816d,03/03/2021 10:53:00,Promotion Downgrade,TRIPLE_PLAY -> SINGLE_PLAY
361,14c2ba3d29b26329b37f28d52a404053,04/03/2021 15:13:00,Promotion Downgrade,DOUBLE_PLAY_BV -> SINGLE_PLAY
362,76e4e73e1ab2d2e796b7e3cf560e9abb,04/05/2019 15:11:44,Promotion Upgrade,DOUBLE_PLAY_PV -> TRIPLE_PLAY
363,066323e15583647d5102a831aa53aba7,12/03/2021 20:53:00,Promotion Upgrade,SINGLE_PLAY -> DOUBLE_PLAY_BV
364,9d500033d4c2155507d7e6ab3603a913,15/03/2021 11:55:00,Promotion Downgrade,DOUBLE_PLAY_BV -> SINGLE_PLAY
365,60fc80e0cdc89975d474afc0fa42f6f4,07/01/2021 14:04:00,Promotion Downgrade,TRIPLE_PLAY -> DOUBLE_PLAY_PV
366,42a26560ecf05a2c5fa41fb6fe8058eb,10/02/2021 16:38:04,Promotion Downgrade,TRIPLE_PLAY -> SINGLE_PLAY
367,f66ee4c70cff500b9b5a420f02633d8a,11/01/2021 13:48:00,Promotion Downgrade,DOUBLE_PLAY_BV -> SINGLE_PLAY
368,73f9aeff86dd84763541b2169d106a3c,23/06/2021 16:39:02,Promotion Upgrade,SINGLE_PLAY -> DOUBLE_PLAY_BV
369,04b03917b3a4d5e6ed56b3972e493cc5,25/06/2021 09:08:00,Promotion Upgrade,SINGLE_PLAY -> DOUBLE_PLAY_BV
370,0ebac55a0548b5a655b64dbcb3805cf9,25/06/2021 10:56:39,Promotion Upgrade,DOUBLE_PLAY_PV -> TRIPLE_PLAY
371,66dc9035038669af548f4e1401ca539d,26/06/2021 15:25:00,Promotion Upgrade,SINGLE_PLAY -> DOUBLE_PLAY_BV
372,4bc9191f1f5171fd0dcdad9ce5a0594f,26/06/2021 17:18:00,Promotion Upgrade,SINGLE_PLAY -> DOUBLE_PLAY_BV
373,914f4caf98e36d45627e90a284ed1eff,17/06/2019 10:54:52,Promotion Downgrade,DOUBLE_PLAY_PV -> SINGLE_PLAY
374,1ce59fcb168ead04b8fb8c875c914e3a,28/06/2021 15:57:00,Promotion Downgrade,TRIPLE_PLAY -> DOUBLE_PLAY_PV
375,806a785f13dac4bf90f1ffd0ccf09a58,06/06/2019 12:45:00,Promotion Downgrade,TRIPLE_PLAY -> DOUBLE_PLAY_PV
376,88295500b0ade5e9594be2497bc82ee3,17/05/2019 09:27:00,Promotion Downgrade,DOUBLE_PLAY_BV -> SINGLE_PLAY
377,06f2a188edc94d1a7115a89909aa1a00,30/06/2021 20:14:58,Promotion Upgrade,DOUBLE_PLAY_PV -> TRIPLE_PLAY
378,dd4370f9b5dc919f9869f092b0fab76c,17/05/2019 16:14:12,Promotion Upgrade,SINGLE_PLAY -> DOUBLE_PLAY_BV
379,ee32cf0c7ba64fbe3a5570abdfa1a406,21/05/2019 14:38:00,Promotion Upgrade,DOUBLE_PLAY_PV -> TRIPLE_PLAY
380,b8f949b12ac52d76bff8f091f2d4e5eb,23/05/2019 17:29:08,Promotion Upgrade,DOUBLE_PLAY_BV -> TRIPLE_PLAY
381,770413b5ca4e9f17b8452e7f9091dfea,23/05/2019 16:20:00,Promotion Downgrade,TRIPLE_PLAY -> DOUBLE_PLAY_PV
382,fb2afd5ec06ed2300ff81735dfd672a1,03/06/2019 16:30:00,Promotion Upgrade,SINGLE_PLAY -> DOUBLE_PLAY_BV
383,bf3323d060f35bee053b997579324486,04/06/2019 11:24:00,Promotion Downgrade,DOUBLE_PLAY_BV -> SINGLE_PLAY
384,bdc48f80b14487645959ffcc905ed293,18/12/2019 09:39:36,Promotion Downgrade,TRIPLE_PLAY -> DOUBLE_PLAY_BV
385,6876df747de66cfb33ecd010dfcd68c7,08/06/2019 10:09:00,Promotion Upgrade,SINGLE_PLAY -> DOUBLE_PLAY_PV
386,2cb9e4a552bc991bdb5ff576d5caa9e0,21/06/2019 13:04:00,Promotion Upgrade,DOUBLE_PLAY_BV -> TRIPLE_PLAY
387,1777c9666084aac299dbc0163120eaf8,03/07/2019 16:41:00,Promotion Upgrade,SINGLE_PLAY -> DOUBLE_PLAY_BV
388,5ff292e6a16d2e3987c4bae6235407a0,26/12/2019 08:08:00,Promotion Downgrade,TRIPLE_PLAY -> SINGLE_PLAY
389,905e907d823a63d5f2020e091191e11e,02/07/2019 16:49:00,Promotion Downgrade,DOUBLE_PLAY_BV -> SINGLE_PLAY
390,d4cd7acb6e72b13adde72f53cd3e3e4f,20/03/2019 10:15:32,Promotion Upgrade,DOUBLE_PLAY_BV -> TRIPLE_PLAY
391,cbdd4f5fcffb5a76fd0fca5b032fe8b7,05/02/2020 11:27:13,Promotion Downgrade,TRIPLE_PLAY -> SINGLE_PLAY
392,1a9645324dc8cb14f36f243c189772b4,15/03/2019 18:52:15,Promotion Upgrade,DOUBLE_PLAY_BV -> TRIPLE_PLAY
393,a99cd4fe68e6eaa5d83b9c2217b38854,17/06/2019 12:23:00,Promotion Downgrade,TRIPLE_PLAY -> DOUBLE_PLAY_PV
394,ee1e478dbdf177dc618699cea55e93ee,23/06/2019 17:29:00,Promotion Upgrade,DOUBLE_PLAY_BV -> TRIPLE_PLAY
395,72b7365340c44fa53ad83a0266b31e17,05/07/2019 16:17:00,Promotion Upgrade,SINGLE_PLAY -> DOUBLE_PLAY_PV
396,3e3066c57fdadc381bb9e0e603b5b411,18/06/2019 13:13:00,Promotion Upgrade,DOUBLE_PLAY_PV -> TRIPLE_PLAY
397,83487e824fa7b4686d385602a4006bae,10/03/2019 01:40:00,Promotion Downgrade,DOUBLE_PLAY_BV -> SINGLE_PLAY
398,813af507d5b794147b2a65bb7495d023,19/06/2019 13:04:00,Promotion Downgrade,TRIPLE_PLAY -> DOUBLE_PLAY_BV
399,21354ff80f2eebde68a883fd3ad2583e,20/06/2019 13:59:03,Promotion Upgrade,DOUBLE_PLAY_BV -> TRIPLE_PLAY
400,80e1aa78ba3ff80f076127f66909a8df,21/06/2019 09:53:00,Promotion Downgrade,DOUBLE_PLAY_BV -> SINGLE_PLAY
401,558594e1ae9f42f27b544e28bfce255d,21/06/2019 16:50:00,Promotion Downgrade,DOUBLE_PLAY_BV -> SINGLE_PLAY
402,e5b8701c63dcecb3f359a30908485b52,24/06/2019 10:25:08,Promotion Upgrade,SINGLE_PLAY -> DOUBLE_PLAY_PV
403,651c6b3fc9842c5c50a8286a9742b4a4,25/06/2019 19:44:03,Promotion Upgrade,SINGLE_PLAY -> DOUBLE_PLAY_PV
404,c9c9f30930cd24d2cac0d29a4bd7cf76,10/03/2019 14:41:00,Promotion Downgrade,DOUBLE_PLAY_BV -> SINGLE_PLAY
405,5131e46660b2e6899c3435fa2819bd8a,25/06/2019 16:19:00,Promotion Downgrade,DOUBLE_PLAY_BV -> SINGLE_PLAY
406,1ac9cef55b7a012cf97dc32bf9d589d6,26/06/2019 11:12:00,Promotion Upgrade,DOUBLE_PLAY_BV -> TRIPLE_PLAY
407,f5f83b6ec614cf00c82bfdc64fe12b46,25/06/2019 14:21:26,Promotion Downgrade,TRIPLE_PLAY -> DOUBLE_PLAY_PV
408,9b7afc0059e980c5c6f30b1705e50c88,29/06/2019 08:21:00,Promotion Upgrade,DOUBLE_PLAY_BV -> TRIPLE_PLAY
409,d7b29cfdc59cb97459110287bd6be52f,26/06/2019 10:49:18,Promotion Upgrade,SINGLE_PLAY -> DOUBLE_PLAY_BV
410,93c54997547ad2ee368728bc72ab5c98,13/03/2019 09:06:07,Promotion Upgrade,DOUBLE_PLAY_BV -> TRIPLE_PLAY
411,fd3b30118c8c6faa2ba4dc83e1f35bab,26/06/2019 16:03:00,Promotion Upgrade,DOUBLE_PLAY_PV -> TRIPLE_PLAY
412,9744486242c3f48eb8e54fe1d1d412ab,30/06/2019 11:20:00,Promotion Upgrade,SINGLE_PLAY -> DOUBLE_PLAY_PV
413,fa28fc874896df100e7ed28bea36eefc,08/07/2019 15:06:00,Promotion Downgrade,DOUBLE_PLAY_PV -> SINGLE_PLAY
414,ecba62433d5fbabead87d762a930d391,11/03/2019 10:55:00,Promotion Downgrade,DOUBLE_PLAY_BV -> SINGLE_PLAY
415,e097876f3df0b8d25ad31abb94ac6888,28/06/2019 14:05:00,Promotion Downgrade,DOUBLE_PLAY_BV -> SINGLE_PLAY
416,a24a64840eefe80e019dbcba52e43c71,28/06/2019 16:26:14,Promotion Upgrade,SINGLE_PLAY -> DOUBLE_PLAY_BV
417,776c012924bea6417295733dc228a472,03/07/2019 17:35:00,Promotion Upgrade,DOUBLE_PLAY_BV -> TRIPLE_PLAY
418,efdddc591edae3f10ed894afef27d30e,02/07/2019 17:24:00,Promotion Upgrade,DOUBLE_PLAY_BV -> TRIPLE_PLAY
419,6ee53e0b07497dcb85ec213dbcc09b8c,11/03/2019 13:53:26,Promotion Upgrade,SINGLE_PLAY -> DOUBLE_PLAY_BV
420,1c85cb9e4f4a3e6a7224f9e12cb86960,02/07/2019 08:10:14,Promotion Upgrade,SINGLE_PLAY -> DOUBLE_PLAY_PV
422,f941d31662bd7751dbb9677a06b71899,03/07/2019 12:52:00,Promotion Upgrade,DOUBLE_PLAY_PV -> TRIPLE_PLAY
423,710afdfeb5fc2455f2b962bb52e9dd29,04/07/2019 11:03:00,Promotion Upgrade,DOUBLE_PLAY_PV -> TRIPLE_PLAY
424,2346d3ad17d707b48595a520a70ed360,06/07/2019 11:33:00,Promotion Upgrade,DOUBLE_PLAY_BV -> TRIPLE_PLAY
425,8cba0f41e453857490dd0d68c305873b,05/07/2019 15:03:00,Promotion Downgrade,DOUBLE_PLAY_BV -> SINGLE_PLAY
426,248fa6189625166ca11cb4d6ade7d112,08/07/2019 15:51:00,Promotion Downgrade,DOUBLE_PLAY_BV -> SINGLE_PLAY
427,37242ebf9b1846f8f0f09a7f65bc70f9,12/03/2019 11:38:00,Promotion Downgrade,TRIPLE_PLAY -> DOUBLE_PLAY_PV
428,b9dc1c1eb57dd1479003de35b21cbec8,10/07/2019 18:05:00,Promotion Upgrade,DOUBLE_PLAY_PV -> TRIPLE_PLAY
429,d366288fd135e65ab288cf42488c3a98,12/07/2019 15:57:08,Promotion Downgrade,DOUBLE_PLAY_BV -> SINGLE_PLAY
430,0f11c327971bb4c517196bf2b59fb79e,29/03/2021 12:48:08,Promotion Downgrade,TRIPLE_PLAY -> DOUBLE_PLAY_PV
431,bf0b320f08c3e9468315676a08680098,29/03/2021 15:45:00,Promotion Upgrade,SINGLE_PLAY -> DOUBLE_PLAY_BV
432,276d0ad8224e2c26bffa21a1462eaadc,30/03/2021 11:04:00,Promotion Upgrade,DOUBLE_PLAY_PV -> TRIPLE_PLAY
433,daa74e4f9afbb374acc64969fe778808,31/03/2021 11:18:00,Promotion Upgrade,SINGLE_PLAY -> DOUBLE_PLAY_BV
434,f9f863bed4756082bd2a3dc51cf9d540,31/03/2021 12:27:00,Promotion Upgrade,SINGLE_PLAY -> DOUBLE_PLAY_BV
435,803a1e2da5381b361cb975bd647d956f,31/03/2021 14:40:00,Promotion Downgrade,DOUBLE_PLAY_BV -> SINGLE_PLAY
436,4af57fa00ca31102afabc9b2b19966a0,05/04/2021 16:52:00,Promotion Downgrade,DOUBLE_PLAY_BV -> SINGLE_PLAY
437,dc89c97abbdbf84f7e6522267fa0650a,05/04/2021 09:23:02,Promotion Downgrade,DOUBLE_PLAY_BV -> SINGLE_PLAY
438,027deef02de2a9ef212786f1681d6465,09/04/2021 14:53:00,Promotion Downgrade,DOUBLE_PLAY_BV -> SINGLE_PLAY
439,71b29a52f949407d06b258e56002dc0d,13/06/2019 09:04:00,Promotion Upgrade,DOUBLE_PLAY_BV -> TRIPLE_PLAY
440,bf24bb4d16276ef6161e3e8f3435f975,14/06/2019 14:00:00,Promotion Downgrade,TRIPLE_PLAY -> DOUBLE_PLAY_BV
441,a767eaaf936b76bd6f571ad03f72fb27,17/04/2021 12:36:00,Promotion Downgrade,DOUBLE_PLAY_BV -> SINGLE_PLAY
442,b980b6f0441e23e2726f0e66e6ba734d,19/04/2021 17:14:19,Promotion Downgrade,TRIPLE_PLAY -> DOUBLE_PLAY_PV
443,cac94bcebbe65e3a7d6bebdd6d9527e3,24/04/2021 09:09:00,Promotion Upgrade,SINGLE_PLAY -> DOUBLE_PLAY_PV
444,e02f3f177fd01091dda7751660396604,21/04/2021 10:27:00,Promotion Downgrade,TRIPLE_PLAY -> DOUBLE_PLAY_PV
445,4d541f5b238fbfc3635f8b0a832308cf,21/04/2021 14:57:00,Promotion Downgrade,TRIPLE_PLAY -> SINGLE_PLAY
446,6c4e0622eabb0cd72da7dee9ac9e1996,23/04/2021 12:07:00,Promotion Downgrade,DOUBLE_PLAY_BV -> SINGLE_PLAY
447,baff2096002aacc90b45e3d777e0b396,21/06/2021 11:17:00,Promotion Downgrade,TRIPLE_PLAY -> SINGLE_PLAY
448,abf1804177abbc9c93447478aa31465f,27/04/2021 10:10:00,Promotion Upgrade,DOUBLE_PLAY_BV -> TRIPLE_PLAY
449,729e0a0a75015a8908d0989386f4454e,11/06/2021 12:07:53,Promotion Downgrade,DOUBLE_PLAY_PV -> SINGLE_PLAY
450,f30239b38d1bf3b462080b8737465b9b,24/04/2021 13:22:00,Promotion Downgrade,DOUBLE_PLAY_BV -> SINGLE_PLAY
451,fbd3834ec91fabdf8bf3f0b0d4962362,14/05/2019 15:44:00,Promotion Downgrade,DOUBLE_PLAY_BV -> SINGLE_PLAY
452,3371536ecd8270c940ffb12849b84f7c,14/06/2021 11:23:00,Promotion Upgrade,DOUBLE_PLAY_PV -> TRIPLE_PLAY
453,1022655080756ed52c8ae8deea6a1c79,27/04/2021 14:06:00,Promotion Upgrade,SINGLE_PLAY -> DOUBLE_PLAY_BV
454,2e78369994264426848cd5b6d377cacf,16/06/2021 21:11:00,Promotion Upgrade,SINGLE_PLAY -> TRIPLE_PLAY
455,1f17a575b6a52725ff5e26614b0cf1be,15/06/2021 19:55:00,Promotion Upgrade,SINGLE_PLAY -> DOUBLE_PLAY_BV
456,62adf002cd6168f6c746b83015fefd95,17/06/2021 11:57:01,Promotion Upgrade,SINGLE_PLAY -> DOUBLE_PLAY_BV
457,940cf6dbf39bdeff4546acb18afa07f4,28/04/2021 16:06:00,Promotion Downgrade,TRIPLE_PLAY -> SINGLE_PLAY
458,b30b53ebc3474896e19e08b36a4f6751,18/06/2021 09:35:00,Promotion Upgrade,SINGLE_PLAY -> DOUBLE_PLAY_BV
459,2aa22ae98bdbcfe91b5b7ae9c954d26c,09/05/2019 14:05:02,Promotion Upgrade,DOUBLE_PLAY_PV -> TRIPLE_PLAY
460,aafc7489697e0f33f88645c99f25f7e4,18/06/2021 16:51:00,Promotion Upgrade,SINGLE_PLAY -> DOUBLE_PLAY_BV
462,77fd1d91ee48aa66d1c289c1a5cf0045,19/06/2021 21:26:00,Promotion Upgrade,SINGLE_PLAY -> DOUBLE_PLAY_BV
463,090ae6fc9c638a0607d537f676a14c17,21/06/2021 15:08:00,Promotion Downgrade,DOUBLE_PLAY_BV -> SINGLE_PLAY
464,d471115e601847f5295d0e72064ed472,22/06/2021 13:51:00,Promotion Upgrade,SINGLE_PLAY -> DOUBLE_PLAY_BV
465,8c30c90cf2f5e5bb19c0df5c06c672ef,23/06/2021 08:46:00,Promotion Downgrade,DOUBLE_PLAY_BV -> SINGLE_PLAY
466,1312d295fb91ad37e12157e294a4e0b4,20/11/2019 17:50:00,Promotion Upgrade,SINGLE_PLAY -> DOUBLE_PLAY_PV
467,f4e6f3ed9e6840eb668f1a4f56ca7508,05/11/2019 16:33:53,Promotion Upgrade,SINGLE_PLAY -> DOUBLE_PLAY_PV
468,a4e550fe6deb6a382fd7fc4d30bda0c6,30/10/2019 12:58:00,Promotion Downgrade,DOUBLE_PLAY_BV -> SINGLE_PLAY
469,39218522cdcd2fab4981794911fcb80d,30/10/2019 17:48:00,Promotion Upgrade,SINGLE_PLAY -> DOUBLE_PLAY_BV
470,373b532da56d18f90845d2a1749d588d,04/11/2019 12:40:09,Promotion Upgrade,SINGLE_PLAY -> DOUBLE_PLAY_PV
471,ccefd2d1e566acd90f8edae3897e1c27,31/10/2019 14:19:02,Promotion Downgrade,DOUBLE_PLAY_BV -> SINGLE_PLAY
472,79749ad27e19f83bdb5c9565f5ab1f32,02/11/2019 15:41:47,Promotion Downgrade,DOUBLE_PLAY_BV -> SINGLE_PLAY
473,5dca0a71aafae66d0aa373f80d97edeb,02/08/2019 17:11:00,Promotion Upgrade,DOUBLE_PLAY_BV -> TRIPLE_PLAY
474,8f1090e498258cd423992918bfff125b,18/11/2019 13:08:00,Promotion Downgrade,DOUBLE_PLAY_BV -> SINGLE_PLAY
475,b65fefee971a5179158d4ab784714866,09/10/2019 11:18:00,Promotion Upgrade,DOUBLE_PLAY_BV -> TRIPLE_PLAY
476,e0f4d836dfa18fa4f0019135fee3afe6,02/12/2019 18:07:00,Promotion Downgrade,TRIPLE_PLAY -> DOUBLE_PLAY_PV
477,e17407c2f6581dc7f32e9e3c30e6e64b,03/10/2019 16:46:00,Promotion Upgrade,SINGLE_PLAY -> DOUBLE_PLAY_BV
478,e2cc25455291a30fc3587d3a12946d25,13/03/2019 13:50:00,Promotion Downgrade,TRIPLE_PLAY -> DOUBLE_PLAY_PV
479,b48113f42dfb9d8a757a5636ae647c21,19/11/2019 09:42:00,Promotion Downgrade,DOUBLE_PLAY_BV -> SINGLE_PLAY
480,57f14fdf8b2dcf8c336bb18a809ecbb7,28/11/2019 17:28:00,Promotion Upgrade,SINGLE_PLAY -> DOUBLE_PLAY_PV
481,bdbe20afd6f96047256b974cc6f8417c,10/12/2019 14:42:00,Promotion Upgrade,SINGLE_PLAY -> DOUBLE_PLAY_PV
482,e34898c40389831d7772949ce1944877,03/10/2019 13:59:48,Promotion Downgrade,DOUBLE_PLAY_BV -> SINGLE_PLAY
483,a4cf481a823ea25d21a7f8b20036bbba,31/07/2019 18:52:00,Promotion Upgrade,SINGLE_PLAY -> DOUBLE_PLAY_PV
484,57789b66b39aed309cd52345e4332cb5,29/07/2019 09:11:00,Promotion Upgrade,SINGLE_PLAY -> TRIPLE_PLAY
485,80b70e6fe503e9c7217c047df02a5e6e,20/11/2019 09:13:00,Promotion Downgrade,DOUBLE_PLAY_BV -> SINGLE_PLAY
486,ad8f924faf85ae394cf5c8b22104ed86,05/07/2019 12:16:56,Promotion Upgrade,DOUBLE_PLAY_BV -> TRIPLE_PLAY
487,4bbe8ca3c653f1923c7e3c141a0d2c25,26/07/2019 12:25:15,Promotion Downgrade,TRIPLE_PLAY -> DOUBLE_PLAY_PV
488,d9fe6496b337dbdaca2e70b71dd55898,20/11/2019 16:00:16,Promotion Upgrade,DOUBLE_PLAY_PV -> TRIPLE_PLAY
489,a53af810d4e01c43addb4943d01565de,20/11/2019 16:04:00,Promotion Downgrade,TRIPLE_PLAY -> DOUBLE_PLAY_PV
490,7e0b0815f384bb3dde945ba3cb0042b5,15/03/2019 16:32:00,Promotion Downgrade,DOUBLE_PLAY_BV -> SINGLE_PLAY
491,24bfbfaec2e2087b143006a0d8821a07,09/10/2019 17:13:00,Promotion Upgrade,DOUBLE_PLAY_BV -> TRIPLE_PLAY
492,645cf7e68ab398d3eb966f1f6b7143b6,20/11/2019 15:46:00,Promotion Downgrade,DOUBLE_PLAY_BV -> SINGLE_PLAY
493,160b645e22de491f8de6f4eb05e208c5,01/08/2019 12:58:00,Promotion Upgrade,DOUBLE_PLAY_BV -> TRIPLE_PLAY
494,fc1a1fe57837b41d1d9ad2eac3f55cf9,06/10/2019 07:59:00,Promotion Upgrade,SINGLE_PLAY -> TRIPLE_PLAY
495,a35085cf86760ebfd4f77df1d67441f3,31/07/2019 11:21:00,Promotion Downgrade,TRIPLE_PLAY -> DOUBLE_PLAY_PV
496,1de45e01b15402039be2939699565077,31/07/2019 12:38:05,Promotion Upgrade,SINGLE_PLAY -> DOUBLE_PLAY_BV
497,0f4a5e369a4420219964435ae58f5489,17/10/2019 18:28:00,Promotion Upgrade,DOUBLE_PLAY_BV -> TRIPLE_PLAY
498,e7b4ee1ad9be3dade2847c958e20e868,31/07/2019 12:35:00,Promotion Upgrade,DOUBLE_PLAY_PV -> TRIPLE_PLAY
499,f03ccb39f045b89ed6bc9692cade47a5,31/07/2019 13:25:00,Promotion Upgrade,DOUBLE_PLAY_PV -> TRIPLE_PLAY
500,c7aef414d3906c18da458f48f65e85fb,09/10/2019 08:26:00,Promotion Upgrade,SINGLE_PLAY -> DOUBLE_PLAY_PV
501,e18253796b08fc1f15f105227f98d5c8,02/08/2019 17:36:07,Promotion Upgrade,SINGLE_PLAY -> DOUBLE_PLAY_BV
502,495df5121088ee1c479289e9ea749d09,31/07/2019 18:58:37,Promotion Upgrade,SINGLE_PLAY -> DOUBLE_PLAY_BV
503,2edb9a80d77870446fbc687e8c1aac11,31/08/2019 17:15:00,Promotion Upgrade,DOUBLE_PLAY_BV -> TRIPLE_PLAY
504,79e8b73d71bf5f250c4bada72e0adee0,27/05/2019 19:09:00,Promotion Upgrade,DOUBLE_PLAY_PV -> TRIPLE_PLAY
505,c689edeb7bb9db36383f01bada12ecce,24/05/2019 16:21:10,Promotion Upgrade,SINGLE_PLAY -> DOUBLE_PLAY_BV
506,c5135ccb84c3da8fee67c378205cfdcc,07/03/2019 10:54:00,Promotion Downgrade,TRIPLE_PLAY -> SINGLE_PLAY
507,0fc402a5a32a7f6adb52268707e1597d,31/05/2019 10:47:09,Promotion Upgrade,DOUBLE_PLAY_BV -> TRIPLE_PLAY
508,12ea329f03483613d87fa70ab4018232,25/05/2019 19:59:00,Promotion Downgrade,DOUBLE_PLAY_BV -> SINGLE_PLAY
509,4a57fe5bd1b4bd448cb092c2492152cb,10/03/2019 09:25:35,Promotion Upgrade,DOUBLE_PLAY_BV -> TRIPLE_PLAY
510,798ef28b37f853e4ac46257f28f15b44,30/05/2019 13:28:44,Promotion Upgrade,DOUBLE_PLAY_BV -> TRIPLE_PLAY
511,64acd4e717db67ee3d461dd2f2548731,30/05/2019 14:35:00,Promotion Downgrade,DOUBLE_PLAY_BV -> SINGLE_PLAY
512,67a2a166edc24b4f6777db254dd50503,31/05/2019 13:22:00,Promotion Upgrade,SINGLE_PLAY -> DOUBLE_PLAY_BV
513,c4b3d2beb32b7b06d5c0c639cca5dd46,02/06/2019 08:48:00,Promotion Upgrade,DOUBLE_PLAY_BV -> TRIPLE_PLAY
515,211bbb4246a7e424fe036570c28e89bd,02/06/2019 08:48:00,Promotion Upgrade,DOUBLE_PLAY_BV -> TRIPLE_PLAY
516,fb41317113bf3a89a2bd394a4dec7ba3,02/06/2019 08:48:00,Promotion Upgrade,DOUBLE_PLAY_BV -> TRIPLE_PLAY
517,5fe6167e991cf9e66f99d5e65b725fa1,03/06/2019 16:15:06,Promotion Downgrade,TRIPLE_PLAY -> DOUBLE_PLAY_PV
518,4526ea057a7e9eda60fdf31c1b54f84a,04/11/2019 13:52:35,Promotion Upgrade,DOUBLE_PLAY_PV -> TRIPLE_PLAY
519,38a4479af5a3fe49743da6fe9bdac5e7,06/11/2019 22:41:04,Promotion Upgrade,DOUBLE_PLAY_BV -> TRIPLE_PLAY
520,3a525bd045baa04a397409dae0cdebe0,07/11/2019 09:48:12,Promotion Upgrade,DOUBLE_PLAY_BV -> TRIPLE_PLAY
521,e56fdc924d8da3d53202f39e1440d6e8,06/11/2019 21:20:00,Promotion Upgrade,SINGLE_PLAY -> TRIPLE_PLAY
522,c7b9fb35ba19b7d5931a58bf1ffa4fa2,07/11/2019 17:36:00,Promotion Upgrade,DOUBLE_PLAY_PV -> TRIPLE_PLAY
523,24e084c6291bdfe81bf338f9e8494fc4,11/04/2019 13:22:00,Promotion Downgrade,TRIPLE_PLAY -> DOUBLE_PLAY_BV
524,9fb15a37e248fce31c7d0ed98aaaaaf1,13/11/2019 17:29:00,Promotion Upgrade,SINGLE_PLAY -> DOUBLE_PLAY_PV
525,cc7d16b0e029443d0fadd6c2b903b546,14/11/2019 16:15:07,Promotion Upgrade,DOUBLE_PLAY_BV -> TRIPLE_PLAY
526,6bf0304d07d92ed2d0b1bf295c85e375,14/11/2019 16:15:07,Promotion Upgrade,DOUBLE_PLAY_BV -> TRIPLE_PLAY
527,c62e5676e12c35c55c8a400cb47c7341,02/10/2019 11:17:00,Promotion Upgrade,SINGLE_PLAY -> TRIPLE_PLAY
528,7372b9c4d9cc4f325546a02e33d1571d,14/11/2019 10:45:00,Promotion Upgrade,SINGLE_PLAY -> DOUBLE_PLAY_BV
529,277fddf52dbbf55506a09f6b71c1eeda,22/07/2019 10:09:00,Promotion Upgrade,SINGLE_PLAY -> TRIPLE_PLAY
530,262cb0e65c8c25018182a7299bfd5e5c,16/11/2019 12:45:00,Promotion Downgrade,TRIPLE_PLAY -> DOUBLE_PLAY_BV
531,744f89fe5b7b4f24c1b554988ae92227,19/10/2019 13:08:53,Promotion Upgrade,DOUBLE_PLAY_BV -> TRIPLE_PLAY
532,0583985434022e9ec3311a060311f3c1,17/10/2019 11:16:00,Promotion Upgrade,SINGLE_PLAY -> DOUBLE_PLAY_PV
533,2eca1f684f6a5d6037f9f76c3e291324,15/10/2019 17:28:00,Promotion Upgrade,DOUBLE_PLAY_PV -> TRIPLE_PLAY
534,6cb2da6e8291285316a287a54809c005,15/10/2019 17:34:28,Promotion Upgrade,SINGLE_PLAY -> DOUBLE_PLAY_BV
535,2afa97ddcc2c4ce753252b909f00d884,19/10/2019 10:10:37,Promotion Upgrade,SINGLE_PLAY -> DOUBLE_PLAY_PV
536,d1de331efccb97becd19f12d17774a7a,18/10/2019 12:42:00,Promotion Upgrade,DOUBLE_PLAY_BV -> TRIPLE_PLAY
537,c15d8cad2d553faa46364993b5f89703,15/10/2019 19:52:00,Promotion Upgrade,DOUBLE_PLAY_PV -> TRIPLE_PLAY
538,da3cd0dc887145ec4322de4c564f530a,16/10/2019 11:37:00,Promotion Downgrade,DOUBLE_PLAY_BV -> SINGLE_PLAY
539,6b0a52c309b2ba6e02c5372429f09a8c,01/11/2019 16:08:00,Promotion Downgrade,DOUBLE_PLAY_PV -> SINGLE_PLAY
540,fea406eb917dcb3f3e93fec553e5d897,16/10/2019 16:05:00,Promotion Downgrade,DOUBLE_PLAY_PV -> SINGLE_PLAY
541,fc9719502e9464ed87e6475a49f9666e,18/10/2019 12:41:01,Promotion Upgrade,DOUBLE_PLAY_BV -> TRIPLE_PLAY
542,c5c3d6ae9227ddd0f3bd967976d42974,17/10/2019 10:00:00,Promotion Upgrade,SINGLE_PLAY -> DOUBLE_PLAY_BV
543,c7c5bdd3b8d6748a15006eedb6d7e72f,25/06/2020 14:37:17,Promotion Downgrade,TRIPLE_PLAY -> SINGLE_PLAY
544,2c98d4759ee2eca3f2d966be8739c1fa,18/10/2019 14:27:29,Promotion Upgrade,SINGLE_PLAY -> DOUBLE_PLAY_BV
545,8ed116a28f5d668d8d7952928370da03,18/10/2019 21:06:14,Promotion Upgrade,DOUBLE_PLAY_PV -> TRIPLE_PLAY
546,e8e61689501241942130daf44a15824a,19/10/2019 12:09:15,Promotion Upgrade,DOUBLE_PLAY_PV -> TRIPLE_PLAY
547,472622f1efa002f13af9ffbbea33a16b,19/10/2019 12:41:13,Promotion Upgrade,DOUBLE_PLAY_PV -> TRIPLE_PLAY
548,b6d242ed579dd0b5996d0dda63fb53e2,28/10/2019 14:33:00,Promotion Upgrade,SINGLE_PLAY -> DOUBLE_PLAY_PV
549,f6210f80c6b30c94b85c262953751f85,22/10/2019 09:15:00,Promotion Downgrade,DOUBLE_PLAY_BV -> SINGLE_PLAY
550,d0e0df685d7644db08fc90e6ac6c0d22,22/10/2019 10:11:07,Promotion Upgrade,SINGLE_PLAY -> DOUBLE_PLAY_BV
551,ff419294738cd6d4259861c10653cf17,25/04/2019 22:51:00,Promotion Upgrade,DOUBLE_PLAY_BV -> TRIPLE_PLAY
552,ace109b9aef5883c1de251c5f8222cbc,29/10/2019 13:20:49,Promotion Upgrade,SINGLE_PLAY -> TRIPLE_PLAY
553,9674bda79aa3b2ee891cb4c9def94bcb,23/10/2019 09:26:00,Promotion Downgrade,DOUBLE_PLAY_BV -> SINGLE_PLAY
554,f22295dcdeb9502825e7d6140bbf8542,29/10/2019 14:04:30,Promotion Upgrade,SINGLE_PLAY -> DOUBLE_PLAY_PV
555,6a1fd0b95a2dfc30d773843a67568ca8,25/10/2019 15:07:25,Promotion Downgrade,DOUBLE_PLAY_BV -> SINGLE_PLAY
556,d5b3f685fee264650b3de22f2bef0023,26/10/2019 13:26:00,Promotion Upgrade,SINGLE_PLAY -> DOUBLE_PLAY_BV
557,0ba9e27d81ca177d741da15c29dfdfb8,28/10/2019 10:09:03,Promotion Downgrade,DOUBLE_PLAY_BV -> SINGLE_PLAY
558,5012580e4e22ef4a34c514164caf9ea7,31/10/2019 14:26:46,Promotion Downgrade,DOUBLE_PLAY_PV -> SINGLE_PLAY
559,485ee8b61be97f3054ff23f8a8b58d15,10/11/2019 10:55:00,Promotion Upgrade,SINGLE_PLAY -> TRIPLE_PLAY
560,96547306b2ad8402a439a76713cd3561,11/11/2019 09:17:00,Promotion Upgrade,SINGLE_PLAY -> DOUBLE_PLAY_PV
561,25d1913bedab726f1a52f6df23e11677,25/07/2019 15:23:00,Promotion Upgrade,SINGLE_PLAY -> DOUBLE_PLAY_PV
562,bd1c0413b8ee92da3ec5ffef9515e849,26/06/2020 10:46:00,Promotion Downgrade,TRIPLE_PLAY -> SINGLE_PLAY
563,a484335bcfe2f49bde1a4d5db40af58b,01/10/2019 19:33:00,Promotion Downgrade,DOUBLE_PLAY_BV -> SINGLE_PLAY
564,b7cf97ae8a792320427a34c17e387985,22/07/2019 17:06:00,Promotion Downgrade,DOUBLE_PLAY_BV -> SINGLE_PLAY
565,be57dd52a72846ff4d4a505373698f0b,23/11/2019 10:08:57,Promotion Upgrade,DOUBLE_PLAY_BV -> TRIPLE_PLAY
566,aad79b4ae775ceb86abc5483fa5d2fa5,15/03/2019 16:32:00,Promotion Downgrade,TRIPLE_PLAY -> DOUBLE_PLAY_PV
567,51bd172769e6144ae4ade7ffe95cc8d9,12/10/2019 14:29:03,Promotion Upgrade,SINGLE_PLAY -> DOUBLE_PLAY_BV
568,ccaea3a18f595dbcc3c88fa117e53d75,15/10/2019 08:01:46,Promotion Upgrade,SINGLE_PLAY -> DOUBLE_PLAY_PV
569,41d2c3d7ffdefd4cdfb8227b52bdc37f,30/08/2019 17:50:08,Promotion Upgrade,DOUBLE_PLAY_BV -> TRIPLE_PLAY
570,b6790f8c79375d0bd1b4f101f5e9c4cb,12/05/2019 18:12:00,Promotion Downgrade,TRIPLE_PLAY -> SINGLE_PLAY
571,84036bebf40d73012edfc4f9daf5744e,11/05/2021 16:07:00,Promotion Upgrade,SINGLE_PLAY -> DOUBLE_PLAY_BV
572,8dbc8345735195f121a5eadbeabcc1d5,29/08/2019 15:39:00,Promotion Downgrade,TRIPLE_PLAY -> DOUBLE_PLAY_PV
573,3b6e03fb84bdf9399df82986bb1c2665,11/05/2021 16:51:00,Promotion Upgrade,DOUBLE_PLAY_PV -> TRIPLE_PLAY
574,ca9236df85255ab0a727a7fbe8406b2b,29/08/2019 18:55:09,Promotion Upgrade,DOUBLE_PLAY_PV -> TRIPLE_PLAY
575,58731d05cb1202eee96142ae3c43185d,30/08/2019 11:27:56,Promotion Downgrade,DOUBLE_PLAY_BV -> SINGLE_PLAY
576,db5dc085aa4b36d01ab6a9a713b08f20,19/05/2021 19:03:21,Promotion Upgrade,SINGLE_PLAY -> DOUBLE_PLAY_PV
577,46cadcce5c7e44bc3a9127081046e555,05/11/2019 13:29:12,Promotion Upgrade,DOUBLE_PLAY_BV -> TRIPLE_PLAY
578,44a05066a386aca538735efe29547c9a,30/08/2019 15:37:19,Promotion Downgrade,DOUBLE_PLAY_BV -> SINGLE_PLAY
579,906c300626a8c54959f953b386220d55,20/10/2019 10:32:51,Promotion Upgrade,SINGLE_PLAY -> TRIPLE_PLAY
580,925b01a4a4a98e1b98df2fda93970898,13/05/2021 09:21:00,Promotion Downgrade,DOUBLE_PLAY_BV -> SINGLE_PLAY
581,8309de124c2ce8380f418caff24d09a1,31/08/2019 16:45:00,Promotion Upgrade,DOUBLE_PLAY_PV -> TRIPLE_PLAY
582,a334cd6d3643331a3aaeea0195f6ba2c,20/05/2021 10:08:00,Promotion Downgrade,DOUBLE_PLAY_BV -> SINGLE_PLAY
583,cc4e44ad4e401a097fb2bf6926383cca,02/09/2019 10:52:02,Promotion Downgrade,DOUBLE_PLAY_BV -> SINGLE_PLAY
584,c36103290f3890c2696a001efe6b9808,17/10/2019 18:28:00,Promotion Upgrade,SINGLE_PLAY -> TRIPLE_PLAY
585,95840ab47d8573f6937789f7be10228b,02/09/2019 13:34:19,Promotion Downgrade,DOUBLE_PLAY_BV -> SINGLE_PLAY
586,8d4cca83c3240e917a7f1b1382f563c6,21/10/2019 08:46:38,Promotion Upgrade,SINGLE_PLAY -> DOUBLE_PLAY_PV
587,fabed8db8c40977629950510df531582,16/09/2019 12:32:00,Promotion Downgrade,DOUBLE_PLAY_BV -> SINGLE_PLAY
588,d618db96565eb68521ca0c6f8d501996,18/09/2019 18:03:00,Promotion Upgrade,SINGLE_PLAY -> DOUBLE_PLAY_PV
589,258c0817bf2983a3b0979e58c18db8ef,21/05/2021 16:02:00,Promotion Upgrade,SINGLE_PLAY -> DOUBLE_PLAY_BV
590,130f8b3e4d3060de58e2daaa2edd168e,17/09/2019 11:12:14,Promotion Downgrade,DOUBLE_PLAY_BV -> SINGLE_PLAY
591,638c37ebe024d545558ad403d83622ad,17/09/2019 14:16:13,Promotion Downgrade,DOUBLE_PLAY_BV -> SINGLE_PLAY
592,285fd3fdedeed786815c2e02baad3d84,18/12/2019 14:08:00,Promotion Downgrade,DOUBLE_PLAY_PV -> SINGLE_PLAY
593,65fec9014f86ce619bb80bb8f87d8c08,24/05/2021 09:59:00,Promotion Upgrade,DOUBLE_PLAY_PV -> TRIPLE_PLAY
594,7316f319b7165c774f3cf89a8534bc48,18/03/2019 16:49:00,Promotion Downgrade,DOUBLE_PLAY_BV -> SINGLE_PLAY
595,822f5f61a25cdbedef1fbd6c8c5ee7e2,28/05/2021 09:42:00,Promotion Downgrade,TRIPLE_PLAY -> DOUBLE_PLAY_PV
596,f8f6f162438d2d1a4d0987cabe2b545b,20/09/2019 10:08:41,Promotion Upgrade,SINGLE_PLAY -> DOUBLE_PLAY_BV
597,54acd494a4584900b8f752d902929acc,13/05/2019 10:16:00,Promotion Downgrade,DOUBLE_PLAY_BV -> SINGLE_PLAY
598,bf335a59ec98040aff50c0e6d03010ce,20/09/2019 15:45:00,Promotion Upgrade,DOUBLE_PLAY_PV -> TRIPLE_PLAY
599,0e38de5cf58107d67d45bd1711957ce7,13/12/2019 11:13:50,Promotion Upgrade,SINGLE_PLAY -> DOUBLE_PLAY_BV
600,7bd287b57d25bc3ef9c682b700969519,07/10/2019 13:57:00,Promotion Downgrade,DOUBLE_PLAY_BV -> SINGLE_PLAY
601,68a184fc6d9d95d6a2dcaead74300888,07/10/2019 14:06:16,Promotion Downgrade,DOUBLE_PLAY_BV -> SINGLE_PLAY
602,7fb2598eca3d5c5caba61ddd42170c44,04/08/2019 09:14:15,Promotion Downgrade,DOUBLE_PLAY_BV -> SINGLE_PLAY
603,1e317134b50ea5043ebdc3f75d1cde8d,13/10/2019 13:11:47,Promotion Upgrade,SINGLE_PLAY -> TRIPLE_PLAY
604,ab8c3170ca6610a4880fb33d4eabd8c4,31/05/2021 10:03:00,Promotion Downgrade,TRIPLE_PLAY -> DOUBLE_PLAY_PV
605,3a240dcd129198ea601e037670f5222e,20/09/2019 13:06:00,Promotion Upgrade,DOUBLE_PLAY_PV -> TRIPLE_PLAY
606,9bd0cdeb28cda531f1e513f0c8428302,16/12/2019 13:31:16,Promotion Upgrade,DOUBLE_PLAY_PV -> TRIPLE_PLAY
607,00092e2fa75ca865f5ffd62247031136,31/05/2021 23:35:00,Promotion Upgrade,DOUBLE_PLAY_PV -> TRIPLE_PLAY
608,234570b40795d193a02382f855fed7d2,16/12/2019 17:39:00,Promotion Upgrade,DOUBLE_PLAY_PV -> TRIPLE_PLAY
609,21608b12b164b9b6a8725f1d1e7dbb21,17/05/2021 13:57:00,Promotion Downgrade,DOUBLE_PLAY_BV -> SINGLE_PLAY
610,439a57bb967c988af3902e8454d634a1,14/09/2019 12:00:35,Promotion Upgrade,DOUBLE_PLAY_BV -> TRIPLE_PLAY
611,13da2acd177eb3f6666b22201f00f7f1,08/09/2019 11:00:00,Promotion Upgrade,DOUBLE_PLAY_PV -> TRIPLE_PLAY
612,47d3bf8a16a965d3dd70df42c0b578fe,10/09/2019 18:18:14,Promotion Downgrade,DOUBLE_PLAY_BV -> SINGLE_PLAY
613,b50c0faf09dbdd8a2892a6c0ede7e050,15/10/2019 16:27:00,Promotion Downgrade,TRIPLE_PLAY -> DOUBLE_PLAY_PV
614,da9ee087c8bdffcd4be9eee311f84d92,14/09/2019 14:04:33,Promotion Upgrade,SINGLE_PLAY -> TRIPLE_PLAY
615,8e725d0d2061163d8b1e8b1e4ee50af1,19/05/2021 08:56:00,Promotion Upgrade,DOUBLE_PLAY_PV -> TRIPLE_PLAY
616,7c37f6e1e703c5357050137fa2d39fa1,11/09/2019 09:57:00,Promotion Downgrade,DOUBLE_PLAY_BV -> SINGLE_PLAY
617,b3fe687c13d317ad6ce38389528d8216,11/05/2019 14:55:00,Promotion Downgrade,DOUBLE_PLAY_BV -> SINGLE_PLAY
618,a39027578c2e56e8e2e44dabd22720df,13/09/2019 16:31:00,Promotion Downgrade,TRIPLE_PLAY -> SINGLE_PLAY
619,fa04c725eaa47b6a282c1bc39f421784,19/05/2021 12:18:00,Promotion Upgrade,SINGLE_PLAY -> DOUBLE_PLAY_BV
620,b027d65390a0c725b9ce41e409f9797e,27/05/2021 20:16:00,Promotion Upgrade,SINGLE_PLAY -> TRIPLE_PLAY
621,cd3869a45aa97973f70050798f2e673b,23/03/2019 08:22:20,Promotion Upgrade,SINGLE_PLAY -> DOUBLE_PLAY_PV
622,c2e5cad50a7f80553eca7afdd0be50c4,07/10/2019 17:05:00,Promotion Upgrade,SINGLE_PLAY -> DOUBLE_PLAY_BV
623,d6227e5508b61294d75c37eb0adb93ac,06/08/2019 15:42:00,Promotion Upgrade,DOUBLE_PLAY_PV -> TRIPLE_PLAY
624,600ce8498452ee1d9fb2c62784aeecdf,30/04/2021 15:27:00,Promotion Upgrade,DOUBLE_PLAY_PV -> TRIPLE_PLAY
625,4efc4cca6d2430af189003b839d52d35,07/08/2019 09:15:30,Promotion Upgrade,DOUBLE_PLAY_PV -> TRIPLE_PLAY
626,1ff2bd293b3cdb076dc841f4344a7631,20/04/2019 11:13:00,Promotion Upgrade,SINGLE_PLAY -> TRIPLE_PLAY
627,c8b54b39bd3792cff8fa2019c253ec24,11/10/2019 13:59:44,Promotion Upgrade,DOUBLE_PLAY_BV -> TRIPLE_PLAY
628,9dd0d9e3c972adc25fcc75c2d78de04d,08/08/2019 11:26:16,Promotion Downgrade,TRIPLE_PLAY -> DOUBLE_PLAY_PV
629,ccd1888a715524e2c9a451f602bb9de2,09/10/2019 13:10:04,Promotion Upgrade,SINGLE_PLAY -> DOUBLE_PLAY_BV
630,a229dc313719408d966f78817ae1fda3,08/08/2019 13:19:05,Promotion Downgrade,TRIPLE_PLAY -> DOUBLE_PLAY_PV
631,b4f34497266372d59f9e0e5159a12e1e,10/08/2019 12:32:00,Promotion Downgrade,DOUBLE_PLAY_BV -> SINGLE_PLAY
632,9de673a9054f96903734db967cf02c50,09/10/2019 13:37:00,Promotion Downgrade,DOUBLE_PLAY_BV -> SINGLE_PLAY
633,ee46493800898d63280dbba75cd2e4f1,15/08/2019 16:46:00,Promotion Upgrade,DOUBLE_PLAY_PV -> TRIPLE_PLAY
635,7583ed8b58f2a48e5ffc63839fb005e5,24/06/2020 14:11:00,Promotion Downgrade,TRIPLE_PLAY -> DOUBLE_PLAY_BV
636,18de85ad042723ae2bf9d1bd2d1fa9ea,10/05/2019 19:12:54,Promotion Upgrade,DOUBLE_PLAY_BV -> TRIPLE_PLAY
637,740f826ba978b736a3309c478af79437,10/10/2019 13:29:20,Promotion Downgrade,DOUBLE_PLAY_BV -> SINGLE_PLAY
638,35239ac034edc5847f79629629fe9da3,15/08/2019 14:57:21,Promotion Downgrade,DOUBLE_PLAY_BV -> SINGLE_PLAY
639,0c0eb84d8f25e215afacda6c60391d99,05/03/2021 10:13:00,Promotion Upgrade,DOUBLE_PLAY_BV -> TRIPLE_PLAY
640,52ee4cf9d270dbe226d4f3c72a27ddff,15/03/2019 10:20:00,Promotion Downgrade,DOUBLE_PLAY_BV -> SINGLE_PLAY
641,dad59d28f2519a75b759b8b1068e7361,16/10/2019 23:02:56,Promotion Upgrade,SINGLE_PLAY -> DOUBLE_PLAY_PV
642,214cbb1651fa329cf02ef1821fc0e44e,07/05/2021 11:06:00,Promotion Upgrade,4G -> 4G
643,9efbb906b32f7c895a5d9734d63129ba,16/08/2019 15:17:00,Promotion Downgrade,DOUBLE_PLAY_BV -> SINGLE_PLAY
644,32471f4c24b1c46ee06b8f877a763567,11/10/2019 12:02:00,Promotion Upgrade,SINGLE_PLAY -> DOUBLE_PLAY_BV
645,537705a5022ad3ebdf57eba23f9df377,20/08/2019 09:18:00,Promotion Upgrade,SINGLE_PLAY -> DOUBLE_PLAY_PV
646,3cade5ac24a75c2f6f37ec7e692823ea,24/08/2019 17:05:00,Promotion Upgrade,DOUBLE_PLAY_BV -> TRIPLE_PLAY
647,b314900f2972db5c320f3addd1479cec,16/10/2019 14:13:01,Promotion Upgrade,SINGLE_PLAY -> DOUBLE_PLAY_PV
648,774dc3b83ad4206d606eb9d6e0cd61c0,07/05/2021 13:33:06,Promotion Upgrade,DOUBLE_PLAY_PV -> TRIPLE_PLAY
649,675212b48e5e52c3e2fa0824022fed75,07/09/2019 17:26:00,Promotion Downgrade,DOUBLE_PLAY_PV -> SINGLE_PLAY
650,481d8af2e3250b823a4e1d1e647958ec,29/09/2019 10:28:00,Promotion Upgrade,SINGLE_PLAY -> DOUBLE_PLAY_PV
651,f7711a3a7dfaf7c84092ba835257b01a,29/09/2019 14:48:20,Promotion Upgrade,SINGLE_PLAY -> DOUBLE_PLAY_PV
652,5e17e5e9e9ed40a9414df088089dc7a9,29/09/2019 16:39:00,Promotion Upgrade,DOUBLE_PLAY_PV -> TRIPLE_PLAY
653,12d21c77b05d5952636c8bd916380c4f,24/03/2019 10:04:20,Promotion Upgrade,DOUBLE_PLAY_BV -> TRIPLE_PLAY
654,5bacfb2cce2c7b3de15a2a6abed7ab81,30/09/2019 16:35:15,Promotion Upgrade,SINGLE_PLAY -> DOUBLE_PLAY_BV
655,0f9d00f4d16206b6fbd1a36efd62a22e,23/12/2019 11:52:00,Promotion Downgrade,DOUBLE_PLAY_BV -> SINGLE_PLAY
656,9e7f0cd8a2ac4e186a5b9a38c8a88454,27/12/2019 18:35:08,Promotion Upgrade,SINGLE_PLAY -> DOUBLE_PLAY_PV
657,338a964be497aa3ede3f7a1aa349e33c,23/12/2019 13:29:00,Promotion Downgrade,TRIPLE_PLAY -> DOUBLE_PLAY_PV
658,b300c66c6c153d90b8aef209725157e6,29/03/2019 09:29:00,Promotion Downgrade,DOUBLE_PLAY_BV -> SINGLE_PLAY
659,bb8488ef97f9f3ee8cde126452f35f00,24/12/2019 14:48:20,Promotion Downgrade,DOUBLE_PLAY_BV -> SINGLE_PLAY
660,1e9ce94bff39a12fb81791da5e46c5d5,03/12/2019 17:09:00,Promotion Upgrade,DOUBLE_PLAY_PV -> TRIPLE_PLAY
661,346b01599ae551df899b9cf8cd0a4558,03/12/2019 16:10:10,Promotion Downgrade,DOUBLE_PLAY_BV -> SINGLE_PLAY
662,a16e265b659ee82dbded359eb1630985,03/12/2019 17:07:00,Promotion Downgrade,TRIPLE_PLAY -> DOUBLE_PLAY_PV
663,54cb562e369f3dbe7e74f5dbde5268bf,20/04/2020 16:23:01,Promotion Upgrade,DOUBLE_PLAY_BV -> TRIPLE_PLAY
664,d55302a77bc6f5bb5eeaeb32ead3416c,07/01/2020 11:29:00,Promotion Downgrade,TRIPLE_PLAY -> SINGLE_PLAY
665,15ad0b0f42151f02f190c1231f6288e3,04/04/2019 01:44:35,Promotion Upgrade,SINGLE_PLAY -> TRIPLE_PLAY
666,9388e2c8ed6300c3c7138defbf5976e6,31/12/2019 15:19:04,Promotion Upgrade,DOUBLE_PLAY_BV -> TRIPLE_PLAY
667,eb79a7c34bcad35a58c7448473ec664f,28/03/2019 14:57:00,Promotion Downgrade,DOUBLE_PLAY_BV -> SINGLE_PLAY
668,d4ac2a69589b8102fba8695a72136e25,27/03/2019 15:26:49,Promotion Upgrade,DOUBLE_PLAY_PV -> TRIPLE_PLAY
669,3a4dad085cd6d7c3a3cd2d08066fe72a,27/12/2019 08:38:50,Promotion Upgrade,DOUBLE_PLAY_BV -> TRIPLE_PLAY
670,408ac385cbd40553493fe63ab86822dd,16/01/2020 18:47:00,Promotion Downgrade,TRIPLE_PLAY -> SINGLE_PLAY
671,e9ff6fb8c1e7e128041d641cca074f9d,12/05/2021 19:36:02,Promotion Downgrade,TRIPLE_PLAY -> SINGLE_PLAY
672,bf90d04dbe6fb5e10f38f7d250f9ce4d,18/03/2020 15:15:00,Promotion Downgrade,TRIPLE_PLAY -> SINGLE_PLAY
673,e8014a1ab011edd53fe1d5fda6f5d431,16/01/2020 08:58:33,Promotion Downgrade,TRIPLE_PLAY -> DOUBLE_PLAY_PV
674,387e51b4318301d87293fee085b09d42,27/12/2019 17:02:00,Promotion Upgrade,DOUBLE_PLAY_PV -> TRIPLE_PLAY
675,62a613f1489781af6178b5e56512a672,31/12/2019 14:50:21,Promotion Upgrade,SINGLE_PLAY -> TRIPLE_PLAY
676,b354ded61d22f07f39418b9697359487,31/12/2019 11:38:00,Promotion Downgrade,DOUBLE_PLAY_BV -> SINGLE_PLAY
677,ee2a1d078dae54446c8b83e33455aa5e,31/12/2019 11:37:00,Promotion Upgrade,DOUBLE_PLAY_PV -> TRIPLE_PLAY
678,0f5c5d6e6c637794c808654766b5cfe0,26/04/2019 14:52:00,Promotion Upgrade,SINGLE_PLAY -> DOUBLE_PLAY_BV
679,0491e3c0087e2834e21e720a511aee1f,31/12/2019 19:24:06,Promotion Downgrade,DOUBLE_PLAY_BV -> SINGLE_PLAY
680,3fb47f0196e384c13045d8937d7b8155,31/12/2019 19:24:06,Promotion Downgrade,TRIPLE_PLAY -> DOUBLE_PLAY_PV
681,0b300c8c3361b0a14d02bdd05d475960,29/07/2020 14:38:00,Promotion Downgrade,TRIPLE_PLAY -> SINGLE_PLAY
682,37161fef49494cbf67eea792daad122c,07/01/2020 16:35:35,Promotion Upgrade,SINGLE_PLAY -> DOUBLE_PLAY_PV
683,f26c1622ff38e4ccdb6e2a4227e58f9b,12/01/2020 14:44:00,Promotion Upgrade,SINGLE_PLAY -> DOUBLE_PLAY_PV
684,b7e5670d9db6445e987f0cb34a891696,06/01/2020 15:11:36,Promotion Upgrade,DOUBLE_PLAY_PV -> TRIPLE_PLAY
685,97e071d64029edb8350934d76c91a9af,09/07/2020 09:27:00,Promotion Downgrade,TRIPLE_PLAY -> DOUBLE_PLAY_BV
687,112a84081ab94398603c14a9dcdc2d88,17/01/2020 15:57:23,Promotion Upgrade,DOUBLE_PLAY_PV -> TRIPLE_PLAY
688,ed639867002bbacf5def49e8767a6888,04/01/2020 15:47:02,Promotion Downgrade,DOUBLE_PLAY_BV -> SINGLE_PLAY
689,1376a3581227e3417715bad9dad397eb,12/06/2020 14:28:00,Promotion Upgrade,SINGLE_PLAY -> DOUBLE_PLAY_PV
690,45617990723c8a9977ebbf5ca914124d,26/03/2019 10:22:14,Promotion Upgrade,DOUBLE_PLAY_PV -> TRIPLE_PLAY
691,ea49013d4875ecf1c1669bc7d709c8e4,08/06/2021 12:16:02,Promotion Upgrade,DOUBLE_PLAY_PV -> TRIPLE_PLAY
692,b0634522dd685230a5a7e559e906f5eb,23/11/2019 10:58:00,Promotion Downgrade,DOUBLE_PLAY_BV -> SINGLE_PLAY
693,b866a763b1a9c6cf3640a4ffa0ed0adf,09/01/2020 11:08:00,Promotion Downgrade,DOUBLE_PLAY_BV -> SINGLE_PLAY
694,b45d9944b826b38d7cd2984260eb8c20,07/01/2020 11:52:00,Promotion Upgrade,DOUBLE_PLAY_PV -> TRIPLE_PLAY
695,4d38f8637a4eae8a8057927a14b0995c,26/03/2019 12:25:00,Promotion Downgrade,TRIPLE_PLAY -> SINGLE_PLAY
696,110d73a255f797b45e564f32164e646c,07/01/2020 14:54:00,Promotion Downgrade,TRIPLE_PLAY -> DOUBLE_PLAY_PV
697,995843835249d62d1a6e247a9a10d1b9,28/11/2019 16:29:00,Promotion Upgrade,SINGLE_PLAY -> DOUBLE_PLAY_PV
698,78363cee8b475322e607e9f24b9d91e9,25/11/2019 13:28:00,Promotion Downgrade,DOUBLE_PLAY_BV -> SINGLE_PLAY
699,9f2c1243a9d9f38fef7956939dab1f15,08/01/2020 16:47:00,Promotion Downgrade,DOUBLE_PLAY_BV -> SINGLE_PLAY
700,c0e7f82547630ebd7d485c76e8701397,09/01/2020 13:26:15,Promotion Downgrade,TRIPLE_PLAY -> DOUBLE_PLAY_PV
701,8d124dacff3f2d2dbb87c21d2bed5397,30/11/2019 11:50:00,Promotion Upgrade,SINGLE_PLAY -> DOUBLE_PLAY_PV
702,eab15fbe09440bdfee1c5d6f46125e77,29/11/2019 10:25:03,Promotion Upgrade,SINGLE_PLAY -> DOUBLE_PLAY_BV
703,f7314f95d66863e716cf8bb7944f1b1b,31/12/2019 10:45:00,Promotion Upgrade,SINGLE_PLAY -> DOUBLE_PLAY_PV
704,4e9c04b57cc90dc92b059a6e050ea020,18/12/2019 09:40:00,Promotion Upgrade,SINGLE_PLAY -> DOUBLE_PLAY_PV
705,774872a4ecbaa5802aa50df546707d52,23/09/2019 14:10:00,Promotion Downgrade,DOUBLE_PLAY_BV -> SINGLE_PLAY
706,fa8047ab41f5196c1351fa672b6379aa,06/03/2019 13:49:00,Promotion Downgrade,TRIPLE_PLAY -> DOUBLE_PLAY_PV
707,3a832617520f103cb9e599b150f05d42,20/02/2020 18:04:00,Promotion Upgrade,SINGLE_PLAY -> DOUBLE_PLAY_PV
708,552817c6f14cdd90e1174aa40355dd89,05/06/2021 12:15:00,Promotion Upgrade,SINGLE_PLAY -> DOUBLE_PLAY_BV
709,e566cdf793634db4f5cb476c20fea46b,18/12/2019 12:26:00,Promotion Downgrade,TRIPLE_PLAY -> DOUBLE_PLAY_PV
710,0ee5f78b81c7712241fd67cecdd45263,08/06/2021 12:01:23,Promotion Upgrade,SINGLE_PLAY -> DOUBLE_PLAY_BV
711,2e3aeb5561f7a9f02cc4d22b74c98a53,25/09/2019 09:49:41,Promotion Upgrade,DOUBLE_PLAY_PV -> TRIPLE_PLAY
712,cedb4c26d41bd86fa3cb278a42c72db7,09/06/2021 12:19:00,Promotion Upgrade,DOUBLE_PLAY_PV -> TRIPLE_PLAY
713,ac995bfd837f4a666a36a4684493ec2c,19/12/2019 12:15:03,Promotion Upgrade,SINGLE_PLAY -> DOUBLE_PLAY_BV
714,0af54aadb6f99ea7dba03d4bba175478,26/09/2019 10:47:00,Promotion Upgrade,DOUBLE_PLAY_BV -> TRIPLE_PLAY
715,b007a35f204cd5addf917e7c93f14b39,10/06/2021 14:09:00,Promotion Upgrade,SINGLE_PLAY -> DOUBLE_PLAY_BV
716,106b294d38a869b35ccd8fa33e94a243,25/09/2019 12:13:02,Promotion Downgrade,DOUBLE_PLAY_BV -> SINGLE_PLAY
717,47912c9df73d938720ef31292ecfa6f3,25/09/2019 14:53:25,Promotion Downgrade,DOUBLE_PLAY_BV -> SINGLE_PLAY
718,6413b9089fac8e9fe57584011092c8d7,26/09/2019 10:47:00,Promotion Downgrade,DOUBLE_PLAY_BV -> SINGLE_PLAY
719,eefbb94b21717895e030be214a81e443,12/04/2019 21:43:00,Promotion Upgrade,DOUBLE_PLAY_PV -> TRIPLE_PLAY
720,48207f80ed842b0e0d20712396b1efdc,29/09/2019 10:15:00,Promotion Upgrade,SINGLE_PLAY -> DOUBLE_PLAY_PV
721,226bcbf5205f654ced1b49cb2b5a6aa2,27/09/2019 10:42:00,Promotion Upgrade,DOUBLE_PLAY_PV -> TRIPLE_PLAY
722,ffc751bb5812fb7f262917605876f78a,26/12/2020 07:51:10,Promotion Downgrade,TRIPLE_PLAY -> DOUBLE_PLAY_BV
723,9bb279511f001fb301fd7497ab94df06,15/09/2020 13:22:00,Promotion Upgrade,SINGLE_PLAY -> DOUBLE_PLAY_BV
724,21aaf0944bbc5257be10717f97c38c18,30/09/2020 16:51:00,Promotion Upgrade,SINGLE_PLAY -> DOUBLE_PLAY_PV
725,8861e7def8227eec15e3c2490e79463f,20/09/2020 13:11:00,Promotion Downgrade,TRIPLE_PLAY -> SINGLE_PLAY
726,520731cdbf3d3cfa310b14d2b11604f6,17/09/2020 17:09:05,Promotion Downgrade,DOUBLE_PLAY_BV -> SINGLE_PLAY
727,a9c24ac1c87f8677a4dbe304c88054aa,18/09/2020 15:19:00,Promotion Downgrade,TRIPLE_PLAY -> SINGLE_PLAY
728,15b24f10e3afc6f4be0c431b2d17392e,06/10/2020 08:12:00,Promotion Upgrade,SINGLE_PLAY -> DOUBLE_PLAY_PV
730,c0b88f54fae3e1f6c28ce2a74776017b,24/09/2020 08:21:14,Promotion Upgrade,SINGLE_PLAY -> DOUBLE_PLAY_PV
731,fc7024e855a03603472e20244eadba00,22/09/2020 15:46:07,Promotion Downgrade,DOUBLE_PLAY_BV -> SINGLE_PLAY
732,a4d0c21aaa290fefe6ae3f987e086bab,30/09/2020 19:02:29,Promotion Upgrade,DOUBLE_PLAY_BV -> TRIPLE_PLAY
733,9886d2e4e61e33d0a4388667c7bfc68c,29/09/2020 15:16:00,Promotion Upgrade,DOUBLE_PLAY_PV -> TRIPLE_PLAY
734,05968c6264decf938afda7899ba03f8b,26/09/2020 11:18:00,Promotion Downgrade,TRIPLE_PLAY -> DOUBLE_PLAY_PV
735,52fdf5e4239da1d7c06a258bc00bbc06,12/01/2021 10:43:07,Promotion Upgrade,SINGLE_PLAY -> DOUBLE_PLAY_BV
736,c2c5ee6c4e406de7e9ea6e9078ec7564,29/04/2019 09:35:02,Promotion Downgrade,DOUBLE_PLAY_BV -> SINGLE_PLAY
737,31f61faadf026ebd5d89be8d332d3113,13/01/2021 15:08:00,Promotion Upgrade,SINGLE_PLAY -> DOUBLE_PLAY_BV
738,b900dab55566225db39aa8bef291578b,17/01/2021 20:40:00,Promotion Upgrade,DOUBLE_PLAY_PV -> TRIPLE_PLAY
739,96400f9bf6cb83bcba6d2765d0591c6b,09/02/2021 18:56:00,Promotion Downgrade,TRIPLE_PLAY -> SINGLE_PLAY
740,20fc09387c11895490ee4d08bb2502d9,22/01/2021 13:02:00,Promotion Upgrade,DOUBLE_PLAY_PV -> TRIPLE_PLAY
741,ff98ca51d1c83549f22f957b7de68815,30/04/2019 10:15:00,Promotion Downgrade,TRIPLE_PLAY -> DOUBLE_PLAY_PV
742,26ad26a2b6f5e4f46a248a7043ba190c,23/01/2021 09:47:02,Promotion Upgrade,SINGLE_PLAY -> DOUBLE_PLAY_BV
743,4c535a8e5f730c40e1abe423e0fcd77f,23/01/2021 11:22:04,Promotion Upgrade,SINGLE_PLAY -> DOUBLE_PLAY_BV
744,c3b10e6cfe7e5bd2bd9659dce5b01333,23/01/2021 11:18:00,Promotion Downgrade,DOUBLE_PLAY_BV -> SINGLE_PLAY
745,8555642c235ef89ed91cc4c1328f686d,27/01/2021 10:22:00,Promotion Upgrade,DOUBLE_PLAY_PV -> TRIPLE_PLAY
746,164a6c18fef9d5bcaa2dad8f15ff065f,27/01/2021 15:44:00,Promotion Upgrade,DOUBLE_PLAY_PV -> TRIPLE_PLAY
747,c1f7231654c3734a0aa8697eb0b54642,04/05/2019 09:17:00,Promotion Upgrade,DOUBLE_PLAY_BV -> TRIPLE_PLAY
748,a238dd748e5d90ce48d2ece6f1e5349e,30/04/2019 17:48:13,Promotion Downgrade,DOUBLE_PLAY_BV -> SINGLE_PLAY
749,d6ac58a33580a04f7c8f98e23c0952a8,02/02/2021 09:43:00,Promotion Upgrade,DOUBLE_PLAY_PV -> TRIPLE_PLAY
750,25b2c30f24bbd86d7cca43e006f521fa,02/05/2019 13:00:52,Promotion Upgrade,DOUBLE_PLAY_PV -> TRIPLE_PLAY
751,27bbce92ceb4c834627d45d4b1f49db8,04/05/2019 10:20:00,Promotion Upgrade,DOUBLE_PLAY_BV -> TRIPLE_PLAY
752,809e2607f6d98250b331f94070007001,10/03/2021 09:27:00,Promotion Downgrade,TRIPLE_PLAY -> SINGLE_PLAY
753,bb57e0928c585a797e231c828d41fd28,12/02/2021 09:35:30,Promotion Downgrade,TRIPLE_PLAY -> DOUBLE_PLAY_BV
754,511d783a0c9fb3a1a53232bfb501e0fa,06/05/2019 09:17:09,Promotion Downgrade,TRIPLE_PLAY -> DOUBLE_PLAY_BV
755,f53c729fa6b9ce93c6b4bb190efe41b3,15/02/2021 18:43:00,Promotion Downgrade,TRIPLE_PLAY -> DOUBLE_PLAY_PV
756,6b965152170bd6f4f6599d400ea125d9,17/02/2021 11:08:00,Promotion Upgrade,SINGLE_PLAY -> DOUBLE_PLAY_PV
757,3cec49dbfa55280f597e71096f17a579,18/02/2021 11:07:00,Promotion Downgrade,DOUBLE_PLAY_BV -> SINGLE_PLAY
758,dbee92f5b3f3d6bd915438379b06dd1a,18/02/2021 17:22:00,Promotion Downgrade,TRIPLE_PLAY -> DOUBLE_PLAY_PV
759,16f2a9ef9a93dd6f1a36dce7aee689b1,22/01/2020 14:20:20,Promotion Downgrade,TRIPLE_PLAY -> SINGLE_PLAY
760,73be49dc0b94ec282b0c13e9bb71c83f,18/01/2020 11:53:46,Promotion Upgrade,DOUBLE_PLAY_PV -> TRIPLE_PLAY
761,08bb7407e5239757dc56b8d80c2567d0,28/08/2020 18:32:00,Promotion Downgrade,DOUBLE_PLAY_BV -> SINGLE_PLAY
762,87ebb0f06e92b5787a734028a9b902b6,31/08/2020 09:59:00,Promotion Downgrade,DOUBLE_PLAY_BV -> SINGLE_PLAY
763,565bf02e5eee7b425b8e98f6b255c4dd,22/01/2020 14:14:00,Promotion Downgrade,TRIPLE_PLAY -> SINGLE_PLAY
764,261e9e1143f277ef9b522244662b3af3,23/01/2020 12:36:20,Promotion Downgrade,DOUBLE_PLAY_BV -> SINGLE_PLAY
765,ccd1966ef9b6bc434e4eb2eb38512d43,31/08/2020 17:21:00,Promotion Upgrade,SINGLE_PLAY -> DOUBLE_PLAY_BV
766,6b0ffe094f45db2000e3dab12e3b32fe,30/01/2020 14:26:08,Promotion Upgrade,SINGLE_PLAY -> DOUBLE_PLAY_PV
767,9d864b095206cfd708f13e9c72bd421d,16/09/2020 11:25:00,Promotion Downgrade,DOUBLE_PLAY_BV -> SINGLE_PLAY
768,7e79e6aa74fc5842f3cdfc8aecee0bf1,04/09/2020 15:03:00,Promotion Downgrade,DOUBLE_PLAY_BV -> SINGLE_PLAY
769,cfe8c9925d61473ddd6eb3232a46b24a,04/09/2020 17:13:00,Promotion Downgrade,DOUBLE_PLAY_BV -> SINGLE_PLAY
770,9f66b173f3d7d7b34f6f0d3de6d02a2e,08/09/2020 13:56:00,Promotion Upgrade,DOUBLE_PLAY_PV -> TRIPLE_PLAY
771,5cedf96edfc7db66c38050881ba3edf0,28/01/2020 15:52:59,Promotion Upgrade,DOUBLE_PLAY_PV -> TRIPLE_PLAY
772,7aa8c0a144b14c0d37d9b50e420c4773,05/02/2020 18:21:00,Promotion Upgrade,SINGLE_PLAY -> TRIPLE_PLAY
773,1b90f00af43142138b9b33bb1cbf00dd,29/01/2020 12:34:00,Promotion Downgrade,DOUBLE_PLAY_BV -> SINGLE_PLAY
774,3c51761a6fb0afadf335a01400591b19,29/01/2020 12:54:25,Promotion Downgrade,TRIPLE_PLAY -> DOUBLE_PLAY_PV
